neural-c weights 2
model_digest sha256:176e07b2175c1ff018536912580844cc9afb2f4c82af79ffbff22480532d5d09
dataset_digest sha256:ac246d8009f0974761b3d50a5293b86ac7d3fd03ed9b1a405caa32310d22d348
training_digest sha256:a2751296b01c087cc7268274ed152bb7a0f12cf3c34dbfffc12e00567b8c9f0d
completed_epochs 635
selected_epoch 535
target_epochs 5000
completion early_stopping
layer 0
weights
-0.33815610543612412
-1.50738646236219
-0.71935883851068461
-1.875110688651485
-1.0015457495854863
-0.808674306369767
-0.73651666537586469
-1.6320912596081689
-0.45518311295410652
-0.21675914258606654
-1.7311073285118683
0.048079511798717278
1.0233503001326401
0.89575158223360385
0.90651018912351156
0.71245109562182496
0.36036380406180563
-0.0017488358805107748
2.1206058288848655
0.12411622015966221
-1.4893100543964501
-1.8653539125750354
-1.6368504069949086
-0.86553467066024892
-1.3327132213669319
0.84483883240481916
-0.85240908961747164
-1.2524850336534992
-0.74057672021078114
-1.5147907746223235
-0.17089838613985539
-3.3137406279630963
-0.057238732706665019
-0.70863802454100311
0.26585819555507506
-0.98908766720324315
0.26334558503726252
0.43339239618011766
1.0099069227494357
-0.18398334290734453
0.66302701041686929
0.21593043156029709
0.034382592304752865
-0.75729572699141878
-0.026147593403615658
0.81726527496800838
0.048957565075951108
1.1298392342382833
0.0018925171965136428
1.2257042929211766
-0.92171892611503203
-1.1619528066780225
-1.6100388103479957
0.17559279271437753
0.049064886028707254
-0.67102543606524345
1.5363912663074748
0.65406486965950117
0.44999621399203921
-2.0606466072719094
-1.5176070443149594
-0.71002965961477982
1.4268122173337505
1.1746651764620037
1.5663656647370825
0.30872881443470751
0.90644072408972542
-2.2841650260579893
-2.8428150947758675
-1.5015262729241743
-1.7378300437782288
0.82263489146210034
-2.2980868420567662
-2.0263712424518903
-1.2727976544714603
2.1224861539503581
1.1415206453474183
1.2432475718556941
0.74688257163337624
1.3190372978937634
0.64350323365370676
-0.82511737803334939
-1.2138534050100842
-1.1654383150794738
1.0987598961535425
1.0071197055289094
2.0981861604788574
0.74652275495735554
0.046567485873636155
-0.68407652206723057
-1.6983097382845365
-1.6624285130901331
-1.7300307103179091
-1.679850758736571
-1.4979624675217198
-1.621183663272904
-0.73640260969175908
-2.1554859774606241
0.033573931019110506
-1.7255400955605729
-0.19205579057357167
-1.204624593261383
-1.0018066615823997
-0.34709988783454149
-1.3483863245641026
0.42680483417135079
0.12894013403073187
1.1661332746506947
-0.86692991468176961
0.67257974445577262
-0.38481154976698978
-1.0043223306916804
-0.95071274358936897
-0.089180418351692992
-1.772932520892277
-0.29654714584116815
-0.64263345392657256
0.55522206396498219
-1.0528172296862803
-0.40281815834009027
-0.82453488302792732
-0.97045284973088164
0.69902544519666943
0.83595638667465832
1.0654886809255837
0.70559956702562976
0.34810283159196459
-0.419130573299275
-0.17759359882095507
-0.73790817095190242
-0.90547656199076587
0.050796713468420761
-1.7767239377015909
-0.60181976237690593
2.2027520010414623
0.86742763730787908
0.050195706421570535
-0.57080584522745526
-3.7254649469754697
-0.58832659049046743
-0.65285044010950943
-0.42522589752051293
2.9082576134402851
-0.17326238644269409
0.16622678287607992
-0.8843587185789451
-1.0199257087818978
-1.5501479636188222
0.27400607809985844
-1.636104249310361
-0.50876276426799771
-1.288447643453039
-1.0549803031228961
1.1003792555698271
1.1555047488062227
-1.0083820596340833
1.4750269600565362
-1.8078187157578656
-1.4281266148311469
0.041591907842613553
-1.637700877906817
1.5490760498730225
3.8142938030589444
4.3865024870773883
1.4382329936321305
1.0456805023676568
-0.76604076910491647
2.0140203163524819
0.84299211996861323
1.2235442983688585
-1.0661346058985144
-0.88212989779232853
-0.72073363130622425
-1.3068413626954931
-1.7445229547934717
-1.0640970728227432
-0.60931086300815518
-0.6473607283985201
-0.27563356467184674
-0.078378504529309043
-0.834964664971097
0.094312737533387578
-0.4897577848282883
-0.69740926882098342
2.3841489904910111
2.0112589392597622
-0.63203454275311721
1.8017429418402764
1.394419734473139
0.59604573577424802
1.4629696198535374
-0.31353560453914159
-0.56796239133155768
0.53097279702414746
-0.39301085476422887
-0.59178801863163266
-1.2477834587020962
-0.80948298138639052
0.82749719141207601
-0.23656532599378527
-1.0301985130092142
1.7764940582410447
1.8243998744592993
1.6808807361467455
1.7200914008778931
1.566007267826222
1.4733931357380659
0.91000052729006042
1.1076607395627573
1.7482114549598111
-1.2893521937909989
-0.61854830280597284
1.3633939932010124
1.7090098572928765
-1.7701092558329978
2.1602603980076123
0.52031684959319213
0.53360463534845037
1.0492163926835425
1.8569433995783036
1.4898357897169665
0.31866201732642047
0.19496960951817088
0.056865461329873204
-0.42737370376861816
-0.1730056832629398
-0.15806969029482837
0.53041200108949371
-0.43907217859005393
-0.090425245673322163
-0.54650749662703413
-0.44140863321326301
-0.65738312100502283
-0.23541434629322505
-0.24094939651430217
-0.13958844478455082
-0.38937962168110724
0.23629949784113258
0.035025627737544168
-0.10243156678589352
-0.27110418472041659
-0.44153194428944298
-0.26887629593930185
-0.56043599374444886
0.35803582523189637
-1.0714017118244992
-0.74247085623167453
-0.81176367037145369
0.73428611646161257
1.5289375390505546
0.49219410483028403
0.74204658563256387
0.34026302688836008
0.25656167594064344
-0.22957055841483501
-0.77161877397574885
0.41011564977649956
-0.0082274225667947256
1.4100399821438729
0.25432123027391196
1.2237601964712299
1.4432240870371549
-0.27782073275952579
0.96470036200771814
0.54837072957822752
0.66901939208053862
-0.2471029840170772
-0.61971230605402183
-0.022939970943807508
1.080257501347345
-0.0065008339488938473
0.70469534845386639
0.17359900589328967
-0.20018659250047277
-0.11131782228993144
-0.15629343765039219
0.10463937134420762
1.0228371262675653
-0.82163058814319689
-0.45835167959634543
-0.792310831756037
0.81915342313004957
0.99226583190475748
1.1520149935345174
-0.53862200056330867
-0.35537425394716982
-0.82577522161826644
0.40077216200465476
-0.047459911685703488
0.14330672254183172
0.71168287773274108
0.52603331586397861
0.74551635578946673
-0.072255150574139559
0.55482084399094167
1.0352104431305367
0.88564758595345394
-0.31321266050784247
-0.52991221353960283
-0.41044878065039969
0.53585323115611028
-0.9364675800293476
-0.55915578955450618
0.61357721086509043
0.46468204067869062
-0.55450560867119669
-0.45561262844326361
0.55965577220629903
0.64175784791211099
0.25619940069908187
-0.80974198541362796
-0.93142012817933528
-1.0672854105870175
-0.9725066347576683
-1.050506125131929
-1.0467460132710138
-1.0429675226136739
-0.94773979663037899
-0.54563104588669242
-0.29026130947560635
-0.11464358972610347
-0.62043269268628842
0.54819737482168818
0.47104235822905055
0.8106996461891518
0.80625975365579738
0.67626222246441636
0.058932037062160395
-0.2909282919085262
-0.78469706967651065
0.3950338561800425
-0.77859702018129717
0.20331996007231651
0.070626255582926456
-0.19152986026797972
-0.44581871067270828
0.37747333883417455
-0.0735980933687084
1.3915582630886474
-1.0030151248209624
-0.71282284795322326
-0.59407439984038257
-0.76378756821588056
-0.63207671002915455
-0.40936114472609958
-0.058146498696439917
-0.67265098471094253
-1.0848644151944773
-1.0053542785262726
-0.38171198989728983
-0.034630505575801204
-1.4082798380375054
-1.7402804188484284
-0.81964992012020843
-0.28189369158955097
0.63979938601375641
-2.2635446698590642
-1.1980375136284587
-2.019703257303457
1.259536547107023
0.65035558435794216
1.2984781488620365
0.67240601516524123
1.2630551418525431
-1.1020403154800411
-0.71725374463831293
-1.1936484361020687
1.9940564430183931
2.4730013657626682
2.3462779368003517
1.4974725585354116
2.3243432805942819
2.5654358024589508
2.0346398666461343
1.5012424758663658
1.838726239137332
0.9035409879346501
0.80513830427199584
1.137892637666738
-1.6790554364008581
-0.82199438143409986
-0.058443133083568834
-1.822561340837682
-0.94530207977217195
-1.8584914713186469
-0.99148055505487798
-0.11085671668254465
0.25009962820231146
0.29111200233543277
-1.3488526555893789
-0.14401637205957174
-0.90622128600242702
2.3991402211902053
1.8064996506335818
2.255178488930401
1.3434092505652204
0.8588524658910921
0.10871014613438744
-0.96668157823247669
-0.21488414704215575
-1.0249902500472465
-1.0832113083130877
-0.98336899486333484
0.23616481109509158
-1.1016472608481969
-1.0181516739906549
1.0866932800427402
0.55919310462993355
-0.52715765242258061
-0.79008901222574812
-0.1829839797216555
0.86474596778614299
-0.21990427212927829
-0.65203285719076098
1.6688858128397064
0.91105132101082476
-0.73386665184579414
-0.6002589590415881
-1.5408090080005836
-0.46829882132383716
-0.7635828547226915
-0.62435507782714061
-0.77401793005561925
-1.4454334209640647
-1.2604280718777945
-1.3800839227708304
-1.509932442743956
-1.3707497104140665
-1.0883654471966016
-0.94589291636479633
-0.673151867600982
1.4511981005881192
-1.1362104906406056
0.42300720761631605
-0.88663916085885697
-0.68966890869832087
-1.2973818839338722
0.83318649565988778
0.86450070507909038
0.5147905019596144
0.84141709008110144
1.5604579163265173
-0.6644185525585482
0.088609946820219568
-0.75386424796846108
-0.13361432961853811
-0.33424665437978213
0.024579638756064927
-0.24037635869442794
1.2525595556791369
-0.80325057721766357
-1.0450930239560121
-1.0081102934771469
-0.96636869875966636
-0.40731469075868404
0.58405060309666545
0.43290103499197219
0.76416302341903075
0.62441053703875149
2.2767862548210092
-0.044705794024965086
-0.13486612622746519
-0.93227086422880912
0.50981478878050923
1.4547124445562127
-3.6487012576996665
0.97357602274733357
-0.63542801517897485
-1.2547937203658952
-0.72579747441692155
1.158310262321935
2.613025792310522
1.203661504050197
1.458357367160823
1.2611064759181008
2.2588004918865474
0.53380440157360975
-1.4188257658691557
0.35482240261649722
0.88823359647983946
1.4400825792528071
-1.1858786658952323
1.4608767390986255
1.6995473986757736
-1.9653859928623416
0.70749065292877156
-0.29485222604315303
0.66964869502232005
-1.6533475743221691
-2.5894837633380421
-2.2055897576352459
-1.7201616877463854
0.072855372056371576
-1.786410501232256
0.82327403203519822
0.18301800929535517
1.5302580796302718
-0.6822188918297537
0.56421155829423808
1.8729517927598103
-1.565228535797117
-1.5139370896434048
-1.6361288302151134
2.4729726160960257
2.0991451003882013
2.1676053534238959
-0.65244278511347753
-1.0651150813021448
-1.6654551672742961
1.0694367940295006
-0.25659173911993693
0.1690147029828542
0.45176902632224841
0.31046286867176182
1.6252014952947149
-2.5957990050219384
-0.69174098676959495
1.1164338327041343
0.1288230313848257
-1.5923364279406751
1.0442015684709898
0.79750382108448292
1.2975733840191195
-2.0458782570367471
-1.1178518113879963
1.5457705761695091
-1.4179429283471034
1.4394738994939158
-0.84320006316410512
-0.96200922028149827
-1.237160856702473
-0.69655342356751793
-0.16962593550447319
1.7033949803906934
-1.3850077073312663
-1.3782242209815077
-1.2178659269073226
-1.2087057834813102
-1.1035479485877389
-1.5682376721164677
-0.33811948576048861
-1.7618926948030642
-1.5942523657220817
1.6313323179698547
-1.4402796694478115
-1.2164156687535137
-1.9816763114902578
-0.4890374673543848
1.0233036965433431
0.79879687820489365
-0.40992760183725524
-0.78449504026527495
-1.018533620564847
-1.7101679243613173
0.56601771754138386
-0.18008835695183975
0.55792984568637116
0.48093203358682185
0.71293861081916432
0.70218838460879041
0.76708330880551323
0.99185515705064031
0.99994588560356845
0.49432428518762178
0.44618801088589682
1.048440461987181
-0.1771380301724769
0.58030418217271185
0.76220874443896303
0.69247696216205479
0.51599026880402399
0.28639465360482486
0.079521852726987502
0.65982835890662739
1.0914731184765973
1.0064116243627637
1.8504705644198511
0.75174978350183697
0.38576282889334673
1.1714431188277192
0.99578323723222095
0.87385609618357651
-1.0009698876585766
0.70068946913040708
-0.56044586407559738
0.79478463381201248
1.9930383404299077
0.66719282561240989
0.73988247423782949
-0.054759700734169595
-0.053682717731284448
0.014881642173204292
-0.94984257169778785
0.64017538118111983
-0.11549578731778787
0.83430970347002231
0.48080231589612515
-1.0818116221483012
-0.3026050649144853
-0.019448759961739909
0.060124868639328755
-0.078685198479369653
-1.7031453969344921
0.17201742421015428
-0.81662422047367811
-1.4027162971648461
-1.6976786993537925
-1.8233682041332433
-0.81943106599156013
-0.38195220318674117
-1.0728117282080978
-0.47839917539950355
0.2064960635444171
0.047942623596811902
1.2466504116408375
0.98782266391315232
0.89845403903293364
-1.5183403587699302
-1.4956411560418876
-2.0635607882034264
0.28272113483952993
0.018753201372046491
0.73996641522720741
0.37135971508082355
0.40574500672097702
1.9955197589157054
-0.57020470551094338
0.26824384412254471
-1.4845841135405915
-1.12397170623144
0.60064450122801205
0.77667210721013846
0.50214225827285019
0.57501859350971574
0.79799633518096735
1.1129531279557312
0.75622258896800476
0.70227309041380104
1.2672756476651323
-0.26680785859264816
-1.438000267978933
-0.82488121572484219
0.23446147073878063
0.59418197874828627
1.6680351671339422
1.0824987748944477
1.0430475798783361
1.1040845952500544
1.1631902659890005
1.3209311686010887
1.0284210199846311
0.7619102525739393
0.19249575292409551
0.6252316951642346
0.78557167468303002
-0.15565391525896188
-0.90524539949124427
-1.6478300496749374
-0.91526812659034329
-0.51163934227859553
0.67696549649094728
0.69991140456667267
0.81406996654032571
0.62434863854945644
-0.34148248836367434
-0.0087951859844010855
1.229630594681647
0.79190198394943478
1.1929398552070141
3.5491321012426322
1.1216332489782239
-0.35721912067897821
1.027797059036246
1.0381278130555602
0.62666893554680114
1.6426553228438516
1.0735441644054988
0.12654719087230881
-0.035245540569891258
-0.88688000115046606
-0.84591687833261053
-1.4526740169089021
-0.22163055547516489
0.026785236236218781
0.5164662294920207
-0.92086742541653022
0.57092078077400998
-0.56391778264923798
0.10510903407896588
-0.19657931609315205
1.1575732998410666
0.73458503918927742
0.027211074920391907
-1.171394333878699
-0.39239215330234067
-0.57218021174662448
-1.2419107137654468
-2.0994853134183074
-0.75465988470017975
1.3938068692191858
1.8651093005374357
1.946338879660769
1.82948584988354
2.3872964498374558
1.6516866298461643
2.2621020252365671
2.2578675561064969
1.6151900888424828
2.12972450331175
0.98726948907268752
2.4929861777014706
1.9277003716853436
1.5651504853798386
2.1165412591787711
-0.13699495308830834
-1.0080384160526397
-2.0462642883429223
-3.0255139164186993
-3.5057154433336164
-0.40274972907411744
-0.37884463932165413
-0.8518392173194087
-1.3680034496277071
-0.55893598594672811
-0.86895364972114109
-0.11320573269198766
-0.23178608218748098
0.14299172234095286
1.8258951818513371
1.4520341879905294
2.3858346043400767
-1.102201869128115
-0.2333582140956299
-1.0146569454585543
-1.9330923216746296
-1.4427354966113004
-1.7360488849649536
-0.57913166245994929
-1.9265517213788645
1.1941693862485108
1.1032086483157986
-0.6880597721994115
-1.28649788240159
-0.4204583465678508
-0.1853940825973644
-0.65893829110401514
-1.0535556129909089
-0.74475753199945627
-1.464837571373393
-0.64744465417336927
-0.86964935995204506
1.6309811925834481
2.2742919285810843
0.42856410144363027
-0.14552250281012671
0.021897430215023422
-1.2436968170351983
-1.2564022390345877
-1.4420534009166104
-1.3103635843974342
-1.1203286513736503
-1.0554414135040773
-0.60030909871361537
-0.75719380649005774
-0.82862999898219558
-1.0511513872491662
-0.83054417352576138
-0.92482128032175759
-0.81832450178898009
2.0965191093036961
0.95407195130534161
0.56393397696863978
-0.68381636929971068
1.3052489329578054
-0.19112029625194746
-1.0780265175277421
-0.33306435673469481
-1.0148964913057359
-0.5776218577904505
-0.53961241143588534
-2.4511384761480293
-0.53003201227287056
-0.18031531840611256
-0.25395177504407745
-0.48044448883482693
-0.62727602442301233
-0.13448382120567642
0.083318240851171108
-0.49739258459340396
1.3189580979445477
1.0190051587897329
0.98497204023153628
1.3888233367027294
0.2169570277922088
0.057035663584695653
0.42851674419053892
1.1315042008304848
-0.12556642989518629
-2.3799162841017956
-1.0596078320489581
0.62791364078753586
-0.51059380581391944
-0.29391473618149538
-0.41726617144152722
0.28320111102472589
-0.23137764349088485
-0.42479056634993906
0.3719229893988073
2.2952765020249788
-0.20659360442662167
-0.4916342332057389
0.40956673684275435
0.6459715960714203
2.1790593348385001
1.1826378363257948
1.6668543689263082
2.4057508365362872
1.4657988860190467
1.1176409936185021
-0.0024957081060200206
0.99329770058320987
-2.2839265989916782
-0.79648671735172583
-1.5874877713847138
-1.8757101471555349
-0.15956249641857986
-0.19706510953687123
-0.75368540183739063
-1.9256982559279203
-1.9458866073540593
-0.53747819852328649
0.10415341323030754
-0.052457065963921627
-0.77432366374844308
-0.28493160329192202
-0.66665554886763789
-1.0420534869597697
-0.43848449316811638
0.30332032330676578
-1.6830345101587405
-1.8203461579815357
-2.0539438651088235
1.3896534051320388
0.12399507221507768
1.6811666084300068
3.1374803976494592
1.8699825179617398
3.4509941096281009
-0.6395857555585891
2.439388396083543
1.2250775926567514
-0.017487192692388798
0.2366158557284809
1.3953922419693354
-0.19800169660556508
1.4065065466706126
-0.25107865662361883
0.93859460976381681
-0.021291693991853107
-1.4211325969813906
-0.37371719672532944
0.48499399431142243
-1.2920807992195762
-2.4716758325671546
-0.50513726298045281
-0.71574421468100313
-0.67827905227612106
1.7506336166854159
1.6045533811968127
1.8898033066943791
1.800015855157296
1.6959202586640543
1.29086220994308
0.94613189466244552
0.089959328239452907
-0.72506419665244648
-1.7713131772484849
-0.9845638867102775
0.22285729680022504
-0.10364694716193608
-1.4636756079786393
1.4404001683826115
1.0845153814803141
-0.060606455445754798
2.4025334363730617
-1.2808376072778516
-0.54392612491751757
0.12339675000174927
0.045532275373380747
-0.24385827882705538
0.015925838361697725
-0.73553025789453197
-0.001993210514303291
-0.60500377093404423
0.027911845637351631
-0.40253930365264162
-0.35660080101991415
0.65603404010767163
-1.0505264011395539
-0.29994442810314764
-0.3072058509521049
-0.45830711505960303
-0.32614786933332685
-1.1023032604442098
-0.040061947767269006
-0.01203385400161581
-0.1730870928107483
-1.135613081625817
-1.4104505837603489
-0.93989938214602731
-1.1923003872891171
-0.30365906148688121
-0.11069654261937373
-0.55522070802660806
-0.6111834350256985
-1.7457370763825613
-0.51399130327137998
-1.0706324839865269
-0.64393238069263226
-2.7209028725115698
-0.59908590416835461
0.046095013630703348
0.83184594651848498
1.5638774379248821
0.76649240167983601
1.8936746610120923
0.18376641390595364
0.99384267018916994
2.3683573661924502
0.21345049217413647
1.541149639138119
0.53053977473402758
-0.22156365134412648
-0.04167275344507352
0.76917768052596902
1.7489292484874803
-0.025054572064041245
1.3969751580434935
-1.1675625157410927
-0.37959402446745116
-1.2932210963034236
0.47351911051081907
-0.29971359592317731
-1.2581136232973573
1.5287541025028517
1.429604960481268
0.88284033318033561
-1.2844472809100367
-1.0874350969002449
-0.948901159117015
1.8872890519971548
1.6754167643188769
2.0851882144579439
-0.34927095779600337
0.012459443682368612
0.75559380647086938
1.7519691118147231
0.90032059803316966
0.28086952669731835
2.4540053114567923
1.2768740672741214
1.0662329415438394
1.0222710287219494
0.10655939006283824
-0.81571504227242952
-0.37713430171690177
0.047781803249511361
2.6440470451707316
-0.10513563815229307
-0.80866855174566921
-0.24572556316279359
-1.1989347571977975
1.0746806226950769
0.51402660665821664
0.97982335874746906
0.84277119217850627
-0.28201197119332905
-0.74776815471356406
-0.78113957290068958
-0.84290083638940672
-0.74042196493665435
-0.67737673438078383
-0.34499978715216906
-0.39076238127283563
-0.19303585290915717
-1.3626081389978522
-0.47757850154704196
-1.4102448280435127
0.73755112406647771
-0.720349499245033
-0.55242356966734552
0.68929047254227693
0.58439135266292708
-0.3941157566257949
-0.12998199056743789
0.056827358733731133
-0.30250728854836789
0.67339547939763045
-0.65057597048393911
-0.018185691074605517
0.48203823790657446
1.1020944688948953
1.7492603250895182
1.7410631969514085
0.90739926265842707
1.2452027312867759
1.1549602480021028
1.1003720243285047
-0.89401588547090438
1.4309407306272648
-0.63176466537335563
-0.35419790283501257
0.52392711817594728
-0.73499681539612505
-0.20954995114531352
0.28838856153430759
0.14058176566403405
2.1306687559378337
1.5346373358853005
1.7121432221641677
3.5066484585731006
1.960088016705007
0.51326900357789573
2.4589545977372702
0.77718347068601912
0.77877226516701503
-1.2790282054943884
1.0469958705303211
-0.19799268775917939
0.27559542249842195
1.3713173426256058
1.1377306162329461
1.5353851662736639
-1.1714493645552067
-1.4182676751994174
-1.7633314565668048
-1.735382386521195
-1.6075350695384036
-0.99979345794363639
-1.4887633549528521
-1.0169304496558831
-0.22659712233038301
1.1156149792521162
-0.39199120754740219
-1.4717966356632219
-0.28444210323744284
-1.9981410298786002
0.072843166129425749
0.41880051854140821
-1.6457573872311622
-1.4710062684858132
-2.558781442198113
-0.99372489225338667
-0.73669639597254688
-1.5378479188417566
-0.83082233169649156
-0.34883869153133346
-0.40970838037745877
1.1453748797183851
1.4111240717733005
0.95037876973670565
2.1185763491949805
2.2031256315578425
2.1781822492148897
0.17333366544578357
0.4327902035338973
2.0310391329499531
2.3867527379035645
1.3929902026065162
1.1487452646435143
0.28993576139516497
1.5470726496911174
2.1612293512730294
2.0331543294855225
1.1032147144515043
-1.502886400437067
-1.0665092126068103
-0.47741882200396202
-0.64570823101163843
1.5805878150221284
1.2341705180591784
1.6201664052918361
0.83708331090024668
1.223113159111715
-1.6672419891306838
-2.3921268823954316
0.012502446650501882
-0.41203713404366676
0.36471992735281467
1.0758460717233473
0.94862446834139313
1.0174858088660528
0.98150290418106667
1.0183847700068405
0.86347500330233262
0.82558877922102714
-1.1381852229909384
1.0658511226269443
0.15055326593321283
1.192362532643426
1.1163165136395279
1.0911552859756875
-0.40948869156763018
1.7413348147386383
0.66371374143909234
1.0624722820535017
-1.6873115989544467
0.68394072921523386
-0.18390745648750173
0.51319463206021332
-1.0770299071168785
-0.51686002861724556
0.33306941638604703
2.0456787546737414
0.98184746074301732
1.4387118339290355
0.68173224477328187
0.50293620113615689
-1.3391208408630968
-1.9642320791636678
0.095509503869384407
-0.44162000674285784
0.040689953723967109
1.0702451910461095
1.2444476815599874
1.1936963626838581
0.46437626621862904
0.051707847939610196
1.8885697427462436
1.4193535506226997
1.6743510933810732
-3.6150646031216174
2.0160431357258384
1.3054103887302664
0.65284216200802159
-0.71568929679438276
1.0689120272247745
2.6225636822937433
1.1855413340974559
1.3630867905831121
1.0220309416284672
-1.5384564667356866
0.61682445150399823
0.26724590379351587
-1.9737128692049255
-2.8360186654848567
-1.9168845406774284
-2.415487378615238
-1.8511067055757329
-0.98101437171540029
-2.6377757520385567
-1.5191734460573081
-0.79180355511436973
1.0430009238780702
-1.822745475126925
0.64721320885433065
-2.2863316706488206
-2.2213832129447941
-0.18519122364717738
-1.4908274459262372
0.94630079929824185
0.53536460196921032
1.6010587450533984
-0.083966080679287777
0.71373701487617802
1.6496220373945332
-0.50666440741402718
-0.69637151047671764
-0.45361532161769497
2.4679230324780557
2.0375280522385655
2.1982259132690429
-2.0323875258677075
-1.6306758993224773
-2.0038886435853147
1.1072947539937303
0.63484548372446659
-0.47240254321432618
-0.080037980069878431
-0.93934586078967475
0.87134890051716285
-2.6650626060292404
-1.3035599991217757
2.0583248858683212
1.0468126973742562
1.7979625764951008
1.1467665767634265
0.16039974660004169
0.55001597591717388
-1.4542531191014167
1.5708050006395706
1.7864818553647603
-0.20444159047565166
2.3663136726938898
-0.21569350537176663
-0.88542899239467465
-1.4918336784881003
-0.64493644629814439
1.1697269592406196
1.7703422677284157
-1.6569849511988592
-1.6630855276034389
-1.5991046923113494
-1.5591834204988337
-1.9134013228242355
-1.6142739309088587
-0.79977186188852822
-0.076752106614466895
1.0662287502020247
1.921159839801819
-1.0797896117601267
0.99192583513645782
1.2685309351036662
-1.3533829882532116
1.6779467236173222
0.26130759022318201
1.1123262835076237
1.0411113103167453
-0.27843942589794402
0.15074452525932086
0.79874072760798143
-0.61295220023367014
0.025400587072981748
0.63932369579662329
1.0906331418749979
0.56550268132450399
-0.48686232002322671
1.2846711835340781
0.53815468656202725
1.3031635151075771
0.97356591235034817
1.0619553860130777
0.063391807330358305
0.59147160412480704
0.44967463033929173
0.24702052152395015
-0.44935679632341535
-0.34030546015045066
-0.13111073085600752
-1.1909587594834943
0.2420106681388767
1.9397346562930327
-3.4021210577894916
0.51551997903875169
2.1097757279223521
1.8376370513581664
1.6304562862158249
-0.48641257614537992
0.95869052030778568
-0.65927017236098651
-0.2414133555195106
-0.47359879452159542
-0.24412350071836228
0.69003241123150882
1.46181253715515
-1.0975318902890658
-1.3283891851706469
-2.0512386675571768
-1.4811241410864702
-1.9155296496292711
-2.2643964593828381
-2.003386143257758
-1.112508188759125
-1.099748702427918
0.72055989737030102
-1.2913382337700887
-1.4124093327643137
-1.4138610852437359
-1.7293922275691154
-0.18439412685414619
-1.9210547728476208
0.21769366756472702
0.56029679768847562
0.49048931505900245
0.19653947728098251
0.34438373808816231
0.70108798838168462
0.89240788625021983
0.31788016435180505
0.37033416276858983
-0.70846858643940325
-0.95058124223856377
-1.0638616773136211
1.7206352356912216
1.6553830228821036
2.2331755401466395
-0.85108598146475645
-0.44869447462840878
-0.83226757622770575
-1.4021793194368646
-1.0166405649830641
-1.2886198312727271
-1.9522279508251681
-1.1162000634151146
-0.026148131711832917
0.54642956210826832
-0.037879213510887272
0.60808689635925817
0.7260748493259922
-0.62285842076051978
-0.040645900933459579
-0.21875357190909811
-0.866438978775952
1.4177066681771249
1.2255877894044824
0.35077984205096879
-1.9787735961583064
-1.1015672609819804
0.49394834057948983
0.91572319365402166
1.2419122149153443
0.51793120392341174
0.62602735552580635
0.5246369250645897
0.52306117851313649
0.53533648838773973
0.511329116120536
0.30645706260896766
-0.45229808619578743
0.85246564852356299
1.6811595812032105
0.39623159966114357
1.1060410333513411
1.3631546402498693
0.64200032744311253
0.34290129282885251
0.58951588761965057
0.89174567389160753
-0.93619905543215409
1.379740774356941
0.40918825673962034
0.89443506187329802
0.4626876349892558
0.29934288805887938
0.36270104713501217
0.88289093304996724
0.62056661550913794
0.48372699745144376
0.10722446989127056
0.7743220297882506
-0.018528122062077792
0.010583643443839077
0.18750428369818303
-0.49973345274623354
-0.43645392436245284
-0.49761905333501955
0.029459329299466021
0.37178279495346023
0.26552202015185217
0.16483674086717554
0.84567030787274156
0.23314899573007572
-0.31014965577054709
1.4164985764019848
0.74714900005071305
-1.3985975077409767
-0.22965979654096103
-0.34406360711454687
0.5588524707370176
0.033403875208914281
0.65617555471115274
0.20284122825196088
0.0032166613094691868
-0.57730513047107179
0.38002746245809899
-0.20845448804962169
-0.023412463487964427
-0.3989751449234723
0.11706127659458211
-0.64900680656264076
0.14641945134549444
-0.29549765715589449
0.053167720237926701
0.42770851342099786
-0.012605665542229742
-0.19622767531762855
0.64886059380366112
0.96385555334467321
0.84026722989554992
1.1819255531055799
-0.12454289678274148
0.35267299507921779
0.15645913638417261
-0.30514693222075001
-0.16343736772974479
-0.038391140908527716
0.16072494197409321
0.11280928676992276
0.67544206532681705
0.32768011802833785
0.60461614075621273
0.60290629207131263
0.83126800639893095
0.74441654062697327
-1.3499721046387188
-0.62014582566215304
-1.6788758522911627
0.050724347834293644
0.4152083903152034
-0.34967866998245295
-1.0144219581169001
-0.56435951369888049
0.96415168768435577
-0.017027976627422798
-0.71941937895106689
-0.83380117302812162
-0.15538075587805156
0.91785020767980419
-1.1738580843064172
-1.3375187203557557
-0.6544409078621688
0.4451426354477005
0.57949432172206494
0.51045539149917607
0.71130523580961191
0.81444606898414229
0.13669343926557395
0.98059599627252669
0.86732520990905149
0.15607078089386467
0.45836886193908027
0.62775941094866017
-1.2932029302752723
-1.4146128916578997
-1.3072792524975123
-1.2995197307106501
-1.1225623630338366
-1.1792932279635868
-0.75089003149236133
-0.78909321920785624
0.24070549894213092
0.47215469816956074
0.84799387927487591
-0.33960696729154699
-0.029416460355557915
0.68839145613867159
-0.57864123292511072
-0.7211622262164471
0.4265700301995492
0.53859696391494527
0.34857219783985305
0.31244245845215035
0.18132339868819369
-0.079941317714587387
-0.44391570140034087
0.088178268052373276
0.12615120196581853
0.18051108263361365
0.65289628210557915
-0.2865264320850579
-0.10439344091693883
-0.27940432950977351
-0.16787089403442629
-0.45743904706300842
0.12869936014825983
0.31148282583983239
0.58556143787889969
0.40157823616093563
-0.12773519139252523
0.38471361993481301
-0.11437262524834518
1.4561133021739354
0.018352806147768606
-1.1132942277854943
-0.46465236266074922
0.54846118927167919
-0.91312177481053125
-0.7444587289270207
-0.77429080436300635
0.9533199557346913
-1.7065348035145409
0.76355309659345072
-0.3088816474305402
0.11081962979307537
1.2991648572547914
0.62514087561262222
-0.65861722167369963
0.068773297679033632
0.70521156322839706
0.44353162475592178
0.36442414403467294
0.84321884491742483
0.31015434796230418
0.77641179275797367
0.27735730013787807
1.0219855153560751
-0.3413263877361809
-0.57151340770681724
-0.6315920880034207
0.48589664518703657
1.1914134811397186
-0.10661736584715224
0.96415901876175136
-0.40252651488999153
-0.33001230394013403
-0.59346499159214616
0.25529428130444903
-0.21103548999618923
-1.2234604754785765
1.0853602641688906
0.73289870606362462
0.67118677997838094
0.48699730771727912
0.86480261947354775
1.2242026071410821
-1.5547844243390869
-1.0866393617325536
-1.6852068999984893
-0.11258582241523322
0.1975559761290763
-1.2365539939980592
-2.2669270348410846
-1.0738954258192608
0.37446874814036546
0.99773582277157724
-1.6333413447575325
-1.339872782764236
-0.28933935439410885
1.0858099493022366
0.54053126888419134
0.22867310450968539
0.13208910411227973
1.0849247856751318
0.73619959263332335
1.0807499970196124
-0.27339216761358071
0.8833762876468525
0.33260152069031068
0.83006688120729577
1.0882936949564423
0.7381565195200428
0.67046541467785725
1.3910667771114507
0.87710089771324351
1.030053970021096
0.88654851140696256
0.97385451149465763
1.1217812461563543
0.63426579176325171
0.60045522361835491
0.28557222758557133
-1.1199543494155884
1.3332384839168048
0.61151930919381681
-0.93262211602026435
-1.560027960404043
0.45515399161997044
-0.9824869121375065
0.34656861535868183
0.069655151773338378
-0.49846055876122464
-0.81994476486160861
0.63507369410533343
-0.014564328660550015
0.57378182286302415
0.1838975411042858
-0.31314632331799258
-0.2847108377753933
0.030787030690601975
0.88490038441646779
-1.0971096535613407
-0.19593801522143653
-0.35631837738649491
-0.65392212719917986
0.33206392726362527
-0.13624382349808023
0.61294583385217483
0.89296938497368727
0.8351757850462449
0.19528790288376238
-0.082870785314452911
-0.086073093108762724
0.49979566630784256
1.5439471211798941
0.38699381288710893
2.127017188419039
0.52606759909967293
-0.45047464439932439
-1.1811102827194129
-0.41026147649148548
0.92832468039236327
-2.318089802100046
0.95095608244335006
-1.3488884359133595
0.95644741318918847
-0.8210572682048779
0.16098894752430581
-1.0408180091852806
-0.036570828763104149
-0.87794513139339891
-1.1755291025166981
0.21720713747891326
-0.31162419579583844
-0.62666560050508313
1.9566941622936604
-0.32657598102292218
-0.79767891059501506
-0.62052036668555943
1.202899585780737
0.4146163580728906
1.0507031365747941
1.5851447295851389
-0.077779194121092868
0.88204284077184192
-1.2086710529875027
-1.0012185694489935
-2.0628145361998182
0.21068410935223114
0.10231974854533719
-1.5447231292695616
1.9739508367539129
1.2072435841135252
0.91540935873502982
1.4992234825486204
1.1577329390254525
1.0029626423782216
-0.23104742382083451
0.17424163108700547
-1.5047024160998683
-0.047237156698975817
-0.029792005712683964
0.78582091105083784
0.52328418961565815
0.81960717870202437
1.2047145244615298
1.8390092723469433
0.99389208361479331
-1.7517513543962417
-0.71723941852873974
0.59844829398174848
1.2833168871882632
0.7736829239749774
0.58753241042177018
2.2219487713103852
0.83326421164869702
0.91374850704035326
0.22145748233707718
-0.11778864195716793
0.32791127711710738
0.78633713860155519
0.64925412889972045
-0.24060353903297074
0.44544091627080012
0.038014941070997357
-1.1665280158821132
-1.399014778686114
-1.0891034610070209
-1.1735884324714771
-0.92374900079531486
-1.1317022830747421
-0.53072577384437025
-2.5240107696745513
0.22973676316437266
-0.12961784927592979
1.1124619414757211
-0.89846519317455231
-0.9490991696280604
0.6486874122925792
-1.1112390012386943
0.79879048643762007
0.32289031569885096
0.16079708167419129
0.13959718874692317
1.2463375884070451
-0.052753137990645321
-0.42213873996329521
0.64815634948439216
0.81905915087020376
0.51828229905551415
0.41404755165066598
-0.92991404231880015
1.443808895619372
0.84597466605729232
0.59445656280272841
1.6068693565385028
0.18928168188569275
-0.35495864791633036
0.63605648330490594
0.69460751873390592
0.7232981666940419
-0.42004340704018089
0.20647946431472428
-0.12777309719504745
0.70847554780366528
0.51122090997292091
-0.91645173337866792
-1.6399202953737764
-0.41381529210038348
1.1433422758670664
1.7937089484901696
1.4571118279902182
-0.97470036207026989
-2.1497930032182113
-1.0151734587379242
-1.9832265051744435
-0.23902299609347538
-2.7688766391661366
0.4237493859169415
1.308828168384222
0.94028013259953702
1.9894533652724453
0.94443240356851399
1.7268723427902062
1.1816892477148397
0.86317238099984983
1.8897361749362651
0.8091036614500674
0.43741185699531648
0.1615699774104577
-0.64433954698920981
0.38220665131113152
0.15461575976283612
-1.8646959451410241
0.0062476195102430573
-0.63051946199028541
-1.5529550431139898
-1.2424689953344119
-1.3919101931609352
0.38028012150125878
-0.28937021156187825
-1.6436688571031903
1.6589727537514596
0.97354679695640767
0.5053299504085198
-1.0340451372911366
-1.3851857510610668
-0.97460550853499983
-1.3637829930558487
-1.7908749334230403
-1.172927028162791
0.075456374994278513
0.34510675194086043
0.63414729073699161
0.48241623969358788
0.52811981633387595
1.6481903859243037
1.6221090795636646
0.60854078665447542
-1.6054922725957395
-1.5031375719784332
0.86324145336137614
0.69250352178421426
0.70704069326359587
0.60557421771701403
1.7027452611753253
0.90915918094560211
-1.156770866230963
0.75432892846828836
1.1400227455025813
0.434234664034233
-1.3511790152624774
-0.66020219480662479
0.59671527424848936
1.1442150575553709
1.7685715015373222
-1.6191247955191526
-1.5389538240270835
-1.6092814906939226
-1.6265992990460811
-1.4667338234643224
-1.494257296345378
-0.81854486088081346
-1.8287109912530892
0.73077132014572765
1.6902694900799748
0.43637468127991547
-1.0606478947984019
-1.3892639589227018
-1.3706419190698809
-0.44234222546206942
0.64091960910405099
0.75458313041155023
0.69326133786143374
0.54854642378981089
0.61597010386871565
-0.0087771135969991892
-1.1104238916011739
-0.88781273652706572
-0.66185801396043842
-3.2339834599660637
-0.93908072165822132
-0.74971081865951594
-0.086570779688983981
-2.2643498378608147
0.69034902978698243
-1.7682358392112199
-0.23326775126233781
0.21938922294561639
0.36622295474572503
1.055858779298124
0.62783879490551686
0.53746953697968536
-0.080173135118952896
0.02173705901499081
-0.44536463464148757
0.13674547336101819
-0.029996950157727548
0.76101505689469062
-1.6317696629642755
1.5873304682673013
-0.55485900761435225
-0.5756430833984213
-0.97553044387964971
1.0917739709355636
-0.82552102372570546
0.96820051275540098
0.47128915364893326
-2.9875668922284571
-0.12546457569210304
-0.38197427457607241
-1.3019082524450825
-1.6919063293909786
-2.0701044686325796
-0.80126827527711031
-2.4007027141856283
-1.4015228683337273
-1.5661809338967234
-1.7313432959714301
0.06596369283209963
1.099743519101424
-2.6981486905922814
-2.0537199797206749
-1.4980664767787764
-0.84306346712927149
-0.1459119210513477
1.2469131732476593
1.6244382115960001
2.8492060708737923
3.0878119630209286
0.95625191525296949
0.68318293637704175
1.2344518758728273
1.3021087321120253
0.51785488248994815
0.73690353702216949
-1.8568335333180161
-1.3188089594021255
-1.4391300558694351
2.1383929125400507
1.5201609893630497
2.4494558770850641
0.77298435612069449
-0.10700319001159457
1.7062915403072907
2.2273258974025247
1.3271572957707887
1.1702978039235541
1.1502346567825412
1.8116289433860251
2.4716585392664139
2.5071219825511353
0.52393431052924866
1.0275237958506478
0.98102998395099394
0.079819739661688482
1.0330729285838536
0.96832227319535313
-0.68309720825552567
-0.89545788615354827
-0.87258012372536597
1.2921954895554852
-0.68711812138547368
-2.3358188840590222
-0.75653786029193282
-0.47578253986846369
-0.57819539207106774
-0.62470086181868811
-0.63045417941310056
-0.49203474405367448
-0.53099612227707882
-0.72983278245105088
-0.16631546107372591
0.10452663079847914
0.10682886167198133
-0.96489764579547965
-2.319047524796122
-0.75803681636715936
-1.583952226355767
-1.6083066698308437
-1.327721809376194
1.8731052569760946
-0.026103335405499854
0.61449811077166261
-0.78754078970546459
-0.95408039896918195
1.1136218041224413
-0.98300805408597591
0.18420134175266409
-0.24491635886047283
-0.46545732441595594
-0.025582421819696565
-0.34727536304916712
-0.35516074276130355
-0.69046520747475859
-1.0157902633419302
-1.0770871487884723
-1.6953032475832912
-1.7776447827816699
0.19875139221315891
-1.1385712854321157
-0.71840493619032308
-0.89614153395450824
-0.3644869139807731
-0.21113457898369214
-0.13549106736777689
2.0126751135227363
-2.0831247883094739
-1.5905198081074836
-2.5743280972032503
-0.090706212241218831
-1.961944594139108
-1.1046589503284319
-2.0223156040272041
-0.17739619104409529
2.6802479547847753
-0.19580312044564341
1.5364067438045526
-0.7593933287007395
0.93650756631458809
0.73468251560587217
-0.6810410217984636
-0.94779111980802522
-2.341531889879596
-1.7334679746877211
-1.1957765670682532
-1.4846508814714983
-1.2725915733050142
-2.4595688245865253
-0.83188419797998892
-1.1103090744231647
0.92256194102162903
0.22173146604799851
-0.28354383829901575
0.47641378593039757
2.0332715474137175
-0.051304144923838543
0.97231395975099622
1.5855864414171805
0.43583219297068149
1.0158319099131354
-0.36212751160725715
0.48947331455431603
1.8592626653506816
-1.3350822917519138
-0.96690933783738997
-0.58300873912108631
-0.23511480945490859
-0.76365412613129724
-0.37087671728341476
2.0753731690117263
2.2785819960576461
2.897379935586593
0.063444152011970789
-0.11395424048538584
-1.9874395319575078
-1.9424354678334679
-1.3493373911816486
-1.272931857215962
-1.5265663709897777
-1.8444608254068731
2.8533216157709216
2.2309688970473989
0.28125709520184033
-1.4128380044649345
-0.95096751055696405
-0.74211515721613641
-2.1651500428054145
-0.60720573858955895
-0.10193667524140973
1.1916490977849716
0.95390598331780163
1.0638469127918422
2.1137725093932089
1.7337568068532394
0.60571480873828165
0.75678566261816571
0.9800226457711686
1.2972163557986633
1.4224059099225923
1.330462070253162
1.3065391708444154
1.0727869738086704
1.1816915527264396
0.74131897965599991
0.66946184506086348
0.81297586157187318
1.9217658542830889
1.196682194221609
1.2945438236946412
1.4012574504108681
1.7275545326380928
1.6081392686826681
-0.4806644142402331
0.091166786746552514
-0.84405357227762079
1.1406295691194286
-0.57656278151160956
0.88305327436902226
0.067372286853238567
-0.62656555576301554
-0.46199956371165984
-1.1296551207938244
-0.39241794139923786
-0.18549842649625758
-0.7380327005476135
-1.1283830353146898
-0.74009826035951809
-0.86036569083915992
-1.7296896299069273
0.69510424626707901
0.98054478775256615
0.9393414521682637
1.0527038155655002
-0.49568543356062544
-0.65911118872271612
-0.16525111399299505
0.63052318673066321
-2.4964983395444436
-1.4020399960918575
-4.086644064663453
-0.25562124337147074
-1.6576675562857481
-1.087145360944312
-1.7857184985166292
-0.044666625329583057
-1.1650355217697239
0.20187266285556746
-1.1743099226867737
-0.15938238373466942
-2.0118917504632394
0.71082683878572761
-0.78977991823486049
-0.28413883820627051
-0.23421686565358585
0.31351851129779795
-0.54057581661444498
1.6991757116820383
-0.47096484043842657
1.7796763499319426
0.50837164350568576
-1.0198134901488631
-0.42665412669773484
1.2138649306412912
0.87711401022257951
0.99175617513798375
2.1770343191926997
-0.15357242775313565
0.6370491151917792
-1.3003156419809718
-1.4893521827228289
-1.4456356907632093
-0.35521523736275878
-0.44971791885836271
-1.0469927174081104
0.31237573815600028
1.3927397372250367
0.70632295319970251
-0.38688977653539663
-0.0021810725279287854
0.28441150537763843
1.9951713559136175
1.6897986480142388
2.1439123249028116
-0.58957830466308647
-0.53467065860087659
-1.5068149329107194
-2.524788990677437
-1.022230496668467
-1.0252775919610997
1.8185865106631391
-1.4743957499807765
-1.3882813283065647
-0.83550052571605249
-0.086407174930014097
2.1580132008087363
2.2009488567539286
2.0361826621817727
2.3700577538853702
-0.77454279553615224
0.15032517660844863
1.0738325702264209
1.0764910084180481
0.84506077419509396
0.89144653345810299
2.0184347850544455
0.87028372578499191
1.3606354820266635
1.0489461446320034
-1.3304076264999796
-1.1467635786529564
-1.3799853546896754
-1.2708914288785134
-1.8648882841278611
-0.94396903620873907
-0.54842386393038534
-0.46126570377025888
1.2504361860018594
2.1184134130445709
1.2125994622927092
1.4394745313496964
1.9406431292063808
1.3221180343759777
-0.85273481173627641
1.1053089170222186
0.025530831207800038
0.45045130935446165
1.445670465337191
0.15128667271410376
0.89801771116314988
-1.22667908115294
-0.81670660792705962
-0.64385617136441309
-2.5334619088834236
-0.58889147487341642
-0.36831913246814407
-0.28621204244303372
-1.3035417820638613
1.0718693168062823
-0.21812332366658688
-0.40831579680960861
-0.56419955480290029
1.3022451721755963
0.71127302994662045
0.87820029107129161
1.8920109001589402
0.17671841172303304
0.024477528721964792
0.35189855855245417
1.2650255363275014
-0.86988971413895322
0.23230875619991628
-1.4031114372555593
-0.38043093274697076
-0.84343556894375993
-0.3397443268285662
-0.53693525997946701
1.5102697822580511
-0.2320595026547235
1.0439398435363394
0.56535091943569848
-1.9842594837331502
-0.43640199921839884
-0.71974352533904018
0.32560995288550726
1.057203101621798
1.8831629618027195
0.47648076371823694
1.7350425417425641
0.83240726805287024
1.2145134052373774
0.9406990868108549
0.36984641392459555
-0.38993561969784352
-1.7901889265429858
-1.6056730453233654
-1.2917574238674694
-1.9978861396209613
-0.013944981449410128
0.16859793970743106
1.8613946352661053
1.6469836294442597
2.8544038422205609
1.1078663704958673
0.68461664879969475
1.4467370709475453
1.1552367098543503
0.46184802258709406
0.54617638261125523
-1.2105571937024826
-0.49861588032410153
0.14547332412210501
2.2593260081777644
1.6965517348025538
2.9536684802360957
1.0408427781444594
0.49155066856033397
0.44959649920442968
2.2187370627551037
1.5981428297361726
-0.33277295956912406
0.63872139459836996
1.7063211343629139
-1.7542521910537137
-1.5062762158207041
1.0968139078814068
1.7057393085061265
1.3985599675384943
1.4800156313337058
0.60957579140539642
1.2183489074060041
-0.27129641648030911
1.1105087565685519
-0.83532030492201947
1.459445934675238
-1.0395027550898372
-1.9074284615133303
0.22149667939092579
-0.67518898728467402
-0.79123564641440536
-0.10721920292446949
-0.45792807711733813
-0.1632234492059417
-0.16185296066213598
1.3447019369074047
-0.17828736412731624
0.0031750023701895527
0.81727873867883138
-0.054924861924611129
-1.0078496942138817
0.93773331919276925
-1.2553403694301581
-1.3941707905487695
-1.1888674955106773
-1.4798935349005438
0.41137132798697479
0.73942242224029597
-0.76064109536297053
0.4336721296059925
0.47736123042638001
-0.88493913602994279
0.26874722399487905
0.19543957229957423
0.70594078258909254
-1.1102363577107137
0.35774333036093808
-0.42364283064123015
1.4886114049797339
0.16286318352393889
0.63914688389431151
1.3573395803971862
0.74867887293112834
0.98173493189825511
0.27959876962055275
0.98211379809482502
0.8164094664311089
1.510102905017688
-0.099122833255835166
0.080620622716518445
-1.2808803965569198
0.54925689985987447
2.1491686944393145
2.5781961102344946
-0.071366874174407666
2.0859383085516305
1.4901382289527321
2.5487250402426418
-0.91519602018960899
2.4471077371661933
-1.5472182483542072
0.95059658028594585
0.72941288631262713
1.719032753466158
-0.29054981418854808
1.5469315505549694
0.1913102511297903
-1.2484731780908722
0.90827115600976804
-1.990446939373715
2.6191656114236799
-0.32925899887067228
-2.3778294511850717
1.5621337872994039
-1.6951789081596049
-0.7063940412734816
0.45475501181922845
1.4179978168773273
-1.087263008331951
0.06461871565175803
0.056043412375119735
-1.7085418391050007
0.78421943941056815
-0.29146557360571018
0.30094687759191308
-0.024217179323133758
0.69710148690986917
2.0392290486522087
-0.78230158530874394
-0.77516575215865091
-0.92961651911366461
-0.77474354435631343
-2.0961390843079117
-2.2729548527395975
-1.7408126831141568
-2.1542089500183002
-2.0941084251100861
1.0366608448042627
-0.30680639701235735
-1.3971551654512451
-2.0304011831576765
-1.0004771233529992
-0.69103342146875457
-2.1947739431522697
-1.0845317861095092
-1.825627405922412
-1.1602354858969492
-2.1831405922606542
1.8526976808121374
1.5636225605964114
0.6512440242029004
-1.3829626948065183
-0.69332766927921452
-1.584256803177079
1.5157604602393928
-0.57821752703251528
-1.370741483022089
0.7909622537106038
-0.11517183352422924
-0.39559680270916509
-1.5949913052789348
-0.90996419542858775
1.3365279185685639
1.5847708525791133
1.4151874030039095
1.3716358792893781
2.1114318815299109
1.0937101917379224
0.52165919353148726
-1.966486324187507
1.8014045688275682
-1.6785988564802952
0.10141397880800809
-1.365365192773772
-1.9720109977695033
-1.4433616530498627
-0.93315052644560348
1.230244205812786
0.7253567317830486
1.0657825069271152
1.3621782802273761
-1.1581407293137
-0.69946396735361305
-0.27737004002229754
0.96395279922408172
0.57549137062087274
-0.033634349140210504
0.46936953377083068
-0.36866033278755461
1.304763649284389
0.99335651167341088
1.1288495940294183
0.58685964668542967
1.1788747580229468
-0.40284920095390875
-0.66194890378482274
0.62441776979076991
-0.58879586856092891
1.0525171457716749
0.3072424308543088
0.059517858945577602
-2.4910853523497964
-0.77482579496162396
1.4961803442202757
-2.8401308663319798
0.41072259850120374
2.2938398935603863
2.512344359290712
2.7149309963110202
-0.53791865681293294
2.1863805226831645
-0.69105146658080641
0.96727588268878639
0.45181150623138683
-3.4031342826485482
-0.48743662099614687
1.6736575342776898
-1.0431854333160857
-2.1838090793212008
-2.4165894474029064
-1.7258971724263132
-2.1140646051263046
-1.2641426708810162
-2.5845442736557893
-1.262338311215748
-2.3374286872475927
0.78671171603933088
-0.63037412605143783
0.65081524925808942
-1.0500191128129983
-1.6224490481939153
-0.0025922318773059722
-1.2803177497798119
1.6756930242125085
0.83972142531235683
1.4310521619948156
-0.21772623918719108
0.60091641571877219
1.3307546006404998
-1.6029635592090872
-0.89669745484567809
-0.57404354759038512
-1.7814834292127222
-1.0957485154078304
-1.441786923580314
2.5383401788040518
2.4685320217783282
2.9008734623579144
0.49168218329729774
-0.15257427544770272
2.9062882017818708
2.8594965507093746
1.1726592938620863
0.92229680307888107
-1.4377765173084529
1.9814164701384309
1.8496296287780669
0.58409570561428636
-1.5022479496832799
-0.56629707547829644
0.29322076923431561
-0.29693147724805719
-2.9329757474756977
0.2994545231917527
-0.78676670966709905
0.80371236342570995
-0.87347647380655247
0.65471721785476422
-0.49808152279692858
-2.2809201767180229
-0.62302548534296642
-0.96743394023683038
-1.0008495216443736
-1.6912796537263808
-1.8087064549019944
-1.6728055912123758
-1.6185015364311435
-1.6044425559615476
-1.6983896320252825
-0.7488464947101251
0.68320911769431025
1.3443329861372937
-1.3880072826535157
-0.64935487408053594
-1.4174749790594543
-1.3047903732515351
-1.0981189723584255
1.4603371462743893
1.110171740400012
1.0983582512086358
0.73566277982640327
1.1616310475702671
-0.41155445884098935
-0.61961659808281411
-0.45735890439475912
0.11469126471512457
0.38892921666387642
-1.834899384096055
0.58594980639023386
-0.74572900702671918
1.3475153798766608
0.30319094144523462
0.63090765404366811
0.18677318773635748
-1.263610199115031
-0.14686140448143176
0.074374869483717757
0.8593141597334486
0.83246316305370127
0.10516054809295547
0.10812010619822711
-0.0833722860559859
1.363117896273059
-0.19415107240839005
-2.0412235195245207
0.21806400578851151
-0.91088779265803199
-0.18407473822247836
1.6916303327969633
1.8774156063865044
-0.89291618602110456
-2.4067112491987741
-0.94408263048306051
-1.9856388644670433
-0.73954696135585052
0.64551853498069545
-0.072957977147005068
1.358894151985381
-1.1161508276730974
-1.7188621193618439
-1.9643298219405601
-1.0631461315633739
-2.0252950256203697
-2.3673889765205294
-1.4926009091168868
-1.3246589718624013
-2.0638575975113667
-0.71746256535150943
-1.2134539468213144
-1.3168375093202167
0.010966371520055154
1.2861760714623682
0.010533709557188691
2.3084121607422032
0.4173864929197047
1.4393585450089739
-1.953864554912556
1.6777768272291218
0.32365188259774091
-1.8142575828885084
1.9013893834085989
1.0603271568809378
1.0444961669909514
-1.9952560704762374
-1.5502329664766024
-1.436176626689311
-0.14540337675717765
-0.21744904539326657
0.65582661116622498
0.87917091365287403
0.32461775360848727
1.0751122306516065
0.93785000239778693
1.0023671858402461
1.4677560186450658
1.9019516839671093
0.917926342442133
-1.7654512643776501
-0.91674460129183288
1.5694064891460258
0.69250756928377211
0.26658280915265914
-0.46585188542833572
1.5038818856645324
1.1303091593621994
-0.81750207420421561
1.6494776764790127
-0.76019541837831528
1.4576560741594649
0.63724044949419711
1.1337437918367974
0.840079574000417
-0.78837445425886188
-1.6578895528947328
1.0330998194749228
1.0299867562833722
1.0599055162440201
1.1048608975168974
0.9196638706446435
0.75885437875635475
0.6058536306180764
0.79434771753306888
0.70954609228084942
-0.62296881291066097
1.3944602745665016
0.90362608792983479
1.0172887533790054
1.011318018535275
-0.95543435419368383
-0.31638987430031001
0.58678727180869716
-1.4116609776491305
0.47584028905567888
1.258916369479244
0.026652244650719987
-0.13469527273005694
-0.1410767983501541
1.0940892440008911
-0.091566641882980776
1.1403902549924763
1.1676283657266859
1.4329030199485431
0.45229074980046419
2.4340545156035729
1.1467478704060414
2.5105033013012688
1.0434721425289224
1.1501475781069173
0.96889198539460919
1.1180248956152774
-0.53675511003486009
-0.63255075732490795
0.18845518560867483
-1.6715521512108276
0.47188555504584712
2.3546697004897084
4.076838545352329
1.6221718470724553
2.2035056167817659
1.3463371592948983
2.4015670493200614
1.2779754420734879
-2.3999051436035703
1.2522704609801527
-0.62340437824737516
1.0159666609050275
1.0635506356206359
-0.39299186762688204
1.5581296297577387
0.992103019364312
2.7812847615380072
-0.73145920723138413
2.1931067715831434
-2.0897748760768353
1.3823219426414819
2.817939245838939
-1.0276357849140103
1.6145388814070565
0.88210483235374848
-0.2782808657890759
-1.2781845967698555
-1.5858929834526823
-1.3781714372979885
-0.066431863552769074
-1.4003202655666038
-2.0859075081375988
0.16048402045681739
0.039033360966654405
1.0368995830083125
-0.21209931892708547
-1.5180470383827016
1.7661594652532446
1.2599722302053644
1.0330864853410926
2.0350421667271559
2.0749232792509846
1.7208629851586332
2.3514925306484811
2.0575887361256169
2.6483044585731603
-1.2952208303701278
-0.79109948151854892
-0.8084969881616807
-0.87092541650618094
-0.78574945045335154
-1.6150380995083446
0.088308383879095301
-0.93118273334017998
1.1848653769600741
0.65775532769809419
-1.3485264795579623
1.7981542499286702
1.8887980531185653
1.3973360532958414
3.048729855524086
-0.93535404376873876
1.270677973694798
-0.9915343944861732
-1.084914173396641
-0.89003200433081586
-1.6530666246976713
-0.64256644380616013
0.62791571808471514
-0.61132683826067857
-1.1273759169578914
1.9926369020555068
2.1437393907209223
1.8067790046926053
1.7855257740238555
1.9650387721926019
1.8753766878008142
0.75785629965325463
-0.17191996913932492
-0.86232329885073766
-1.8981683858333123
-0.78334542492050097
-1.0195891057116779
-1.1863279235083788
0.87760456688800415
1.3528583920150259
1.2423012582209005
-0.78181132971766831
-0.65314265580813524
-0.30489018125949102
0.96404132602338122
-0.7900439480299134
-0.89504900806205068
0.5495129345216756
0.71712638960980513
0.14904224880196956
0.58599072068907465
-0.74794463700050184
1.6461681964092247
0.00056091462523623174
1.2388562292077925
1.1659607250720967
0.85514640769544614
-0.58625066157200934
-0.79335455418893885
-0.5344633389895429
-0.42879753781305041
0.86446776929192359
0.62974942774462861
-0.16799422329540561
0.89432518199132338
-0.010178196090818417
-1.7328464062049775
-3.0356143596224552
-0.95907465201907349
-0.21724401092141099
1.7456521191935739
1.2654379297162766
-1.0382753951844919
2.1001249218444027
-1.2137042476059745
0.71670075174412773
-0.11992095160612545
-0.56926886852942626
-0.43067612921218967
1.2999536372239233
0.78951808818896851
0.4045122775293068
1.2033343052262579
-0.39989114662997721
1.6645609847895364
0.47786818840942619
-0.61234633211568235
0.94369674748219912
-0.95514252265414423
-0.46609767752973047
-2.3205881726292947
-2.3538608968246666
-1.7850382661652382
-1.5031809217892946
-0.027389876907779533
-0.28453579535659418
-0.28037077720607734
-2.2494745332813184
-1.1200914939972417
-0.099648158997209899
0.26413233010450826
1.8293679058047374
-0.90170483039228633
-0.97111113099376567
-1.309719993640529
-0.96907448781517647
-1.4014073238949836
-0.63096989212732968
1.643438207445717
1.0889564685751505
1.9981614054964618
0.6656400729060975
0.5430532545267851
-0.80989532421911425
-2.0908495475501416
-1.2199230688949987
-1.462957153478126
-2.1824177021269651
-1.3468493529677046
-2.2089044128849795
-2.0283534681422948
1.3889718229399104
-1.4515070817189379
-0.55539993762203466
-0.1555233870797649
-1.5909782896983693
0.9539332548952979
-1.1775774924323108
1.1801370366663382
-0.82446437961316543
0.9069887390408542
-0.90848598200066022
-0.28255414254179984
1.0020956124360543
-1.1491114966952753
-1.5549570739732552
0.78915194756851514
0.95458960379624125
0.83463270684799318
0.8123159297365542
0.82578322579421981
0.75397189025867239
0.45376894612964191
-0.57482791954988288
0.3821699849861942
-0.95689888236371545
0.53994861714576847
0.87157866318424015
1.0750427376015337
-0.070429058449891405
-1.5511519328550758
0.5586239281794424
0.73451040181853644
-1.2474588470402452
0.70231253537311722
-1.4234166602977278
0.34517737114855923
0.66154263567493399
-0.57656901443646391
-0.36565830382600395
0.043780529648627456
0.058740738577322107
0.83548976679838949
-1.1145809842421344
-0.55067901654712559
-0.56541692070175176
-1.2855099203560558
-0.21037405040418197
-0.65147216925279672
-0.37184696811936518
-0.29395884564880809
-0.21849909298297884
-1.4628195680509934
0.062668479066814831
-0.1704421073055721
0.5316758651884107
0.17360114495849563
-0.98842920698415371
3.3360821922796533
0.52368033880965015
-1.7939918550654963
-1.3575717452230844
-1.9251124864324365
0.92037891951021877
-2.2423366874936752
1.2348722011450468
-0.87352534279275917
0.025321960489995143
-1.6693199192199117
-0.52019646557991606
-1.1509097534033728
-0.8205999020415139
-1.6822659742067567
-1.7890767660716009
-0.47275458063673653
-1.7517906634089107
-0.95135051806209081
0.099837576606689071
-1.0677908613472111
1.2539954413596683
0.64549074023049946
1.6972570263740305
1.2137046291696614
0.89101145993578135
1.7178352706156208
-0.024730809042592641
1.1402646705854886
-0.062911076624479326
0.59820303080266213
-2.4658400133185681
1.5272482181066547
0.06978860794728417
-1.8449566068539982
1.669668796592519
1.3501372249021248
1.2660577926647636
0.49080250012974863
1.2416848485603402
0.89299700334284537
1.928437659909082
2.3522373598467943
1.9817530543926642
0.095432212541612452
0.18033058976914887
0.13448108976568776
0.9908557040465571
0.64928971574588212
0.14455575229881273
1.4468460915452053
0.52329961924285895
0.75648019579272707
1.2936167745348301
0.91559525413523535
-1.3991421591117323
-0.98677504883332645
-0.86111046216296161
2.2790754079264421
0.64314467655269236
1.0459108396166952
-0.19663178810076515
-1.2546754741767143
1.2549009826971111
1.2832164722474091
1.30706224953054
-0.25055712294337673
-0.47495167400302751
-1.6708383197167167
-1.4875490463134811
-1.6342678644810837
-1.5537360166406371
-1.4952273722992058
-1.8031806924488372
-1.2672230612954354
-0.89746745314888687
0.14949120330191046
-0.41148089792874765
-2.1278171198250293
0.84217974506023219
0.9997473495331578
1.7655560558532319
1.1282900655616002
0.97578131011792513
-0.84256623574733036
-0.32221798069609187
0.55707621231200266
-0.68595264997593952
1.5311587837276481
0.2511972519714103
0.39946525151858703
1.3856924581440502
0.82459347213631684
2.0499329763171064
0.9589584767574314
0.59466377836023987
1.1527541060140305
1.6290469336300504
0.43340493293301841
1.4726817275664841
1.5059570877416859
-0.94276731872497321
-0.70907420379258046
-0.78701959517671205
0.059950936508667209
0.80823517030255654
0.6859874632296834
0.18546299923415835
1.1966636801292889
0.9889518212928422
0.5565004854613399
2.6541638216692869
-0.2763284252133128
-1.3879029530555864
1.2697871779413124
0.077938721929962845
0.41704520022396396
2.1536404118249379
0.41459200541101832
1.5437018539803553
0.29262162919561474
-0.73613301033151179
1.0588472832460596
0.88630069053318739
0.42717730683466681
0.61754880685348879
1.4502054539051681
-1.4097955135388092
1.7926815551029072
0.90211497691825604
-0.88354616919419549
1.0458505125825921
-2.2121128334299138
-0.72390873125510014
-0.25035124444311824
-1.3803467905346041
0.53434694305849462
-1.6903169215323992
0.12929199422285975
0.4360635708158398
0.96603211252865451
-0.29446236696377187
1.1897188540122863
-0.3601673981330985
0.35923661745573232
1.5619228705966899
-1.3924469074198806
-1.0940083819523314
-1.131251700899337
0.5747486080846107
0.58300078448136661
0.90155613182566519
-2.0068105083302803
-1.6470157871141755
-2.0600784228918809
0.7487993099789958
0.57496315442856183
1.1450785914824213
0.80613600098781169
1.0477537632130347
1.293884483215336
-0.083590326982500698
1.1030021757662372
-2.141107733105259
-2.3295736517612879
-0.13955851091785867
-2.183293944811231
-2.0362237323099688
-0.44700123744322084
-1.8967252858190933
0.92742761024975584
-0.0011947359534268832
-1.0351481268849239
1.3352283310169366
-0.76075647708575278
0.34787776226708539
-0.56828364151265798
1.8576751829508407
-1.2386205805052923
0.6319352333876479
-1.7055624299410832
-1.8650634267206381
-1.7516562329755434
-1.644491429418605
-2.1413171239705058
-1.8036456599845481
-0.80633510460875879
-1.6654491009900585
-1.4562904964280503
-1.3629752415665379
-0.9805419223387023
1.1428607358560201
1.2091538043362209
0.099760604230395622
-1.7385645553148315
-0.75314390688598476
0.12390600470074835
-0.78391335197833434
-1.7514866486674689
-1.6594250665887138
0.86147802228847004
0.28455524421343786
0.22199530183456259
0.48879285596918365
0.43813424066211953
0.61946594620217366
0.30590356983250605
0.71132810070688279
0.97045058330229317
0.1166667780256348
0.075164913167277456
0.31166319783468927
0.16569641114755732
0.37641034489782532
0.90520887476482104
0.95241663951054623
0.52102036271329244
0.007238559435969915
0.025557921067204253
0.74279669096877932
0.2502768254696745
0.38839873685794774
1.1467129170020769
0.10219216954279114
1.1292173578134395
1.3884072059460657
1.2687782373031686
0.4237478532022585
1.0502904075542423
0.083401629726658211
0.84522581687576293
0.11017840487823595
-0.17555285008998994
0.79097308796315491
1.0298945255525889
-1.3133082822319992
-1.8739390766764135
-1.9432404594288442
-1.7799072175556072
-1.7405719489001212
-2.0820665799651392
-1.379360829851993
-1.2394609438770836
-1.8309400510830873
-0.79304365562210155
0.29274680737269237
-0.13465109234248759
0.58889317223331084
0.61071203299189902
0.18219790560145852
0.29245883018185254
1.0650180061825987
1.6260798988480376
1.719752510587349
0.5441837995868859
0.75713739265748015
0.73822255568951101
1.0697896027453682
0.49029223701894692
0.99725118155873027
-0.59350487916262062
-0.04219972193136147
-0.46500684074383608
-1.1625425378268588
-1.2718535413385592
-0.99516085256970499
0.41990608060004264
0.29900958786578885
0.90150636253265082
0.78093309370320452
0.91099956401095428
1.4236235721995938
0.77360054144702883
0.92011636136045227
-1.2833861530390354
-1.1477110793695573
0.28640396948012647
0.62050030962690128
0.22153725203412197
-0.52006548268187536
0.56505831557764474
0.57690509518162547
0.32697860241660903
-0.17399417288728744
0.88694054000443734
0.051342580544602799
0.59828097692459881
-0.028605420607695158
-0.39352423982441559
0.79486448535278009
1.3276743647871361
0.30856768037929461
0.42751613747887834
0.4452942857722878
0.44320537952858663
0.63060850316732842
0.43147396575088975
0.5070716563194464
0.34782542590726573
-0.03522625567363559
0.74866547541273909
-0.0062234295241444214
-0.65889780234364281
-0.76253618147154179
0.22671586209197975
-1.0385708606476529
0.20494363481767339
0.38402190391594571
0.44796817100409247
-0.011148487413466673
0.93417274706456266
-0.078636334152044338
-0.17730677657608776
-0.10350740850878294
0.62203592979378775
1.6374091317687256
0.58822334281637667
-0.38049724311352867
1.2919488583484664
0.72685416518170942
-0.033975095767883302
0.66578240590477589
-0.010703189742490337
-0.35914779050511886
-0.46351873448741254
-0.5357088484398318
-0.25405695063578487
-0.49542521041068571
0.31108771644112404
-0.18429812101184842
1.7051010156245896
-0.46328099836717301
-0.023023442574888926
0.26672579987928186
0.036249146034280415
-0.17037643026101945
0.96988812419746129
0.51632667058173809
-0.47691183463987669
0.5939380660058301
-0.47747603401821792
-0.17652107538363779
-0.66614300085369627
-1.397466018449429
0.6081155769151817
0.89287546469718426
0.22212868761424087
0.60807811415661916
0.61090061457970368
0.89826977446346246
0.10011729333019355
0.80486166271697712
0.27345710846363147
0.45982370389648314
1.4330954294027189
0.70064281858582012
-0.50583674677370294
-0.8305481104051482
-0.021776297840002408
1.4360094491483641
0.13372754240446161
1.1528999516527714
-0.85628478649759177
-1.59244827919871
-1.29430989632803
-0.86081271015160543
-0.0014684680735864773
0.17092452364355748
-0.69615874135129574
-0.46673187624824514
-0.54895680973216876
-0.91845882039292148
-0.86670340342822283
-0.67986857448513005
-1.9526368397016651
-1.882742570823748
-1.757946305055526
0.20839267369407147
0.378538926997111
-1.6223401056235096
-1.3790130685031441
-1.1940638290477521
-0.087158100262070839
-0.0026273994661972005
-1.9045962487014334
1.2985200122373364
1.029846314329
1.449284387175314
-1.158950049918575
-1.2983260191274095
0.11130750725462137
-0.53863370146790879
0.64652167891080925
-0.37871363244623835
1.1325504189969606
1.0866491844359618
-0.10619051182769314
0.91186561435782809
1.209126059264523
1.316006600836815
0.26197162976365929
0.95041085856031549
-1.6762639505545038
-1.5744877717473182
-1.6915928793064625
-1.6507604602571688
-1.6920603325545247
-1.4724877537731034
-0.90434150997725737
-0.93746121224955647
0.36417689940425924
1.4186251984346316
1.3643681594478152
0.80297780945217756
1.0230079975233275
1.3667834436092572
1.0355554894190455
-0.17692636315018129
0.51716893212228066
-1.3742302808612863
0.7192357938878392
-0.28092311313391571
0.69484501735323168
0.25040167477804304
0.062161561617996089
-0.01704696843412239
0.49965288364078364
0.39527917145312003
0.71548083518910777
-0.04739038124413756
-0.25861305269189155
0.60805195828603353
-0.37502631242208262
0.56156079626819355
0.57810141678411042
0.52945086643058259
0.8613010671969934
0.22251053429467124
0.67613316753576358
-0.13448081153037411
-0.076797543222272488
-0.40607821802111038
0.58065512133833508
1.3112211058242251
1.1756010006123334
1.018497592730834
0.17324600228540687
0.16072192805748897
0.55118392208701406
0.88242852730164811
1.2219258806645368
0.70596209798601162
0.75425292458929116
0.42166263701885726
-0.58473749468196667
-0.40033649649949782
0.073023527900389962
-0.63316404946380911
-1.0110319391447715
-1.0106807955232711
-1.2715956944448279
-0.54429165988419359
-1.0146944875792627
-1.0269030524967124
-0.64293349434592306
-0.8279276216886402
-0.40544604270226231
0.13701665087292622
0.015501117563987046
-0.36522299486384385
0.39519639090299874
-0.1782455332406726
-0.5275721067805661
0.06494278866130114
0.15476009784801409
0.35201560452987318
-0.39098525903789683
0.062825255161379684
0.91287137981476019
-0.38755552407875354
-0.6655246511068007
-0.42532770650791218
1.3901014151424045
0.98690275826416962
0.8688899873119651
1.6945030831628418
1.4315850829804082
1.6059476390859435
-0.14200785627134238
-0.23070972401032827
-0.71209895444770943
-1.0571616020809373
-0.79109130001314065
-1.156662141655866
-0.77872923186722143
-0.85950737983613457
-1.1354090860549013
-0.83679716191914566
-0.5126606339342501
1.5064825170614358
1.3768330886177138
0.15526642117265679
-0.62112284326976386
-0.65528886442449563
0.6304034060082585
-0.33441155965849206
-0.482313268468892
-0.32483058264319686
0.22926777771835383
0.16625155851659595
-0.17649333747968371
-0.34984942098376437
-0.048677155966102739
-0.25623516080563369
-0.23700880077197559
-0.13079780757755
-0.11345398273017403
-0.083294586286328881
-0.298874830861175
-0.34687584977973096
0.12035879821328228
-0.33699358310414423
-0.15699881456394435
-0.50739514980205302
-0.90527759937430763
-0.71235490517972855
0.50267602115137566
-0.60299891476873491
0.6763000540672931
-0.42610029150623807
-0.50327202044388675
-0.4293336423013287
-0.16565687375318572
-0.46451562171502198
-0.27674878971886469
0.57873753028889008
1.192648953471023
2.3723498498799311
1.2501871008488052
1.2178052075984565
1.4434644128399698
0.75341417346150685
1.6470139672815973
1.9234505810577742
2.0085558971072071
-0.82436515161617008
-0.53446549958988432
-0.90104531796045262
-0.55676807071223178
-0.92713076795146876
0.39227799409770819
-0.18817901428525047
2.0366721613606917
-0.16791882597235031
0.9062872209479681
2.8440211061868563
1.42524755787823
-0.12297271564963975
1.4163226770084338
0.12547038575613884
1.2893898255894205
-2.6470952537362673
1.0577730680705157
-0.23989578550846605
-0.36076154828818768
2.945874502728659
-0.49770436170788601
1.2397027165148735
1.9626490875443372
2.9627077175979375
2.2137635860507818
1.5415500627880665
1.8566274424814815
1.3339585322848222
2.2858470519023029
1.6092070160694729
1.5281368249185201
0.37958793277273073
-0.35610665672299419
-0.92776589811004995
-0.42407756744248998
1.1559730221950784
0.056009003295972352
0.73573911740154674
-0.97260075554889525
-0.55443731271206931
-1.1584413957189934
0.79012578598411598
-1.0760666401695915
-1.7970983826495053
0.92601999761130038
1.0792051972368051
0.74504389279429117
1.8848959013824065
1.5398411663054334
1.4531595223816636
-1.9184354971561939
-1.0193312378322188
-1.2849231455092651
-0.80308675560815601
0.92527557387936421
-1.0248331200138789
-1.7535119993206847
-1.0569355132145677
-1.2917135772139656
-0.191656026553258
-1.2937674314974761
-1.5527917630582531
-0.93465078516483557
2.261162871915273
-1.4069193245887908
-1.3448137045906308
-1.3388330058566364
1.8181086016137675
1.4122875902003793
1.1012328133660305
1.3279330771771436
-0.7126511056027901
-0.7699378776457757
-0.24749540045871501
1.2087289342187415
1.4640388515627116
-0.6698798462483071
-0.92510683534676785
1.8007016640474272
1.7649158763902191
1.6766960370302482
1.663109466386884
1.773641472514375
1.6246674077050876
0.9066434760855564
-0.13637201216243625
0.18053333168377195
-1.0516702025508451
1.4513450957335712
-0.76216033442444919
-1.6656496457660903
2.1793871210308571
-0.58158079533241303
-0.56654442962873397
0.99554338260051256
-0.81121339572229834
1.0463302572753237
0.17751695549498506
-0.15058726808828496
0.43395703411147224
0.81914173599782381
0.70380097435594691
2.4371769822001266
0.93225110130335298
0.87438212306556251
0.90852599117155752
0.97074094007082024
1.5776872674312483
0.9379475396929261
1.794449068093394
0.26592054085102423
-1.0172306073067476
-0.86036272219384435
-0.43711392280272349
-1.3028928176617742
-0.34579595178046474
-0.081034703396211563
-1.8119812658171797
-0.351399754379979
0.80642421469686609
0.49027955697950348
1.0366203862961154
0.17472891065591639
0.94763939773645145
0.11830995084908494
0.91564019313941747
1.1180145852644374
0.83822493824481381
1.191958257443384
0.10071480481904063
-1.8423815072866296
0.49188209938420718
1.1238853536575069
0.8290931788468926
1.1037324654613434
0.43979516750351805
-0.59222063891427079
0.29361702862495087
-0.13844114706111565
0.59390993903089462
0.76331577306529774
-0.21487603556321619
-0.28654533720921699
0.63043054811627131
-0.90313787067578422
-0.5555949672957351
-1.2903393134134473
0.18403359096865574
-1.6741128033996999
1.0000980336090644
1.7404058482494584
2.0588277863463915
0.92324566164807587
1.0304785932064482
1.2555133021493365
0.91586981753410079
0.98990564844096862
0.98967519611831567
1.4383062998033322
0.97101886978911323
0.72434990846802982
2.0747718935706163
2.3754295295758028
2.5790124959260132
-1.2870969475404079
-0.28567123650521792
-0.051515857934933407
-0.9635718821270628
-0.042223030921386476
-1.1444153741587113
-1.3589456756609763
-0.19248827345224606
-0.63407492885824202
-1.0726999789280882
-1.3644260434264792
-1.9505029950653034
-1.008422167483437
-1.2569577958485811
1.1299116081935687
-0.79532291899667173
0.80581713225568941
-0.91259343251952108
0.82285013952468833
-0.38310284384419041
-1.1236346516897222
-1.0876866282331703
-0.15724787167776377
1.2656446874911353
1.5189590796053569
-1.5290903156128537
-1.3813027322872489
-1.6117741254971838
-1.650120849482891
-1.3739295932404898
-1.2660753441768913
-0.7106551630678648
0.021018705389746314
-1.0127004952704108
1.5597061001492885
-0.86060472634942142
-1.1025962072472923
-1.2888070846309223
0.87501058290265143
-0.34263869165343713
-0.81693152973464234
-0.5089019281548145
-0.48985932735282317
-0.43184776711464018
0.90579011871320481
0.37178834822762041
1.2205653919082446
1.3349752679839426
0.41849161366675641
1.3576288583625928
0.26268379828594479
-1.5479377518327164
1.3546440629226491
2.229825416272881
-1.5012509904314497
0.40659551203676003
-1.9242555203075387
-0.20903619539951382
-1.3701296503022893
-0.70796692065647093
-0.76297234337156006
-1.5657070784622835
-0.05939434022808468
-0.020993267958414746
-1.6306489449716175
-2.8433407158138544
-2.5837679627027423
4.0684899081135129
-1.3666091946012888
1.312468153466285
1.7097429061233052
0.24483215152845322
-1.1080206056462065
2.163057836894914
-1.1400364221821246
0.36951120611463323
-1.2086775207654274
-2.6030332374793246
-0.081598072027916552
1.6356201625413158
-0.81599652020617708
-1.64332917135477
-2.2955873571745369
-0.94418611893702786
-1.8368798809278144
-1.4527617079511304
-2.526077502165907
-0.67593735392429577
-2.3765467010143757
0.73087296689938075
2.0266658577709737
1.7038580906557816
2.1909151670697415
2.7377119571561481
-0.046251885006912831
1.3793889070756538
1.6221270300277693
0.68289247785062812
0.87481767187220638
0.37620287117088341
0.28604443967685483
1.6161829361797904
-1.2044665293615706
-0.8203921729137863
-0.4717018397806107
-2.7354831793100596
-2.4880350094785055
-2.725399641110235
-2.0136085536105375
-2.0792207723572438
-3.4264738897513989
-0.012798733151784834
-0.70761006708177254
0.26168680407235423
1.5655350198456706
0.8623639939142892
1.1767541905586461
1.3041333155850339
0.78388316366866495
2.5231277178122169
1.8715784928279107
-1.2940322404515614
-0.95321997906541633
-0.87013978120043411
-1.6034200808025045
-1.8231439990853555
-1.3220557882185904
-1.917970508309516
1.6823810804153525
-0.48601067938880632
-1.092599522578422
2.1258879137025271
1.6908647890201371
0.7200159205149359
-2.2856470146601038
-0.21549610702112948
-1.7481333597793502
-1.9533084502689291
-1.7343656169758848
-1.6627962373969305
-1.453998857360459
-1.4817269097248791
-0.85561463726932785
-0.25775178789442033
1.5453954339889722
-1.0393202177883452
1.6409963886165795
-1.3220837169455728
-1.3288787404850824
1.421937595772699
1.1359778024506291
-0.37807578217072679
-0.17898850754175832
0.59732752806579437
1.5526932221899183
-0.63006282408021108
-0.63432959613884865
1.0190246174817825
0.64261588136643777
0.83510829075017812
2.2313766174099499
1.2239911034179005
0.34252355462034445
0.73333536758038664
1.2011322121973083
0.74660033015019056
-0.23394620350749692
0.85921346402321552
-0.46066254497175607
-0.42727326881033673
-0.45095111939321419
-1.0345138320392453
-0.89276919718039061
0.32489982419780145
-0.12882732144942383
0.93891878341946022
0.63762230870510783
0.64318358674303577
2.0000450294028771
1.064847323241835
-0.66438805912637922
1.0525774458060955
0.35429948570099185
0.62987163192891016
-1.1934857243303802
0.49318967083454979
-0.96691050432036463
-0.064260908790600035
1.4989494947210875
0.5270434061516408
0.9630262274307323
-1.1442890238704726
-2.5407162329864676
-2.2134643092624442
-1.9646378244440432
-1.8588680127969559
-1.5267881431469648
-2.3160138555162688
-1.0521703125736368
-1.8410849034979047
1.2739702227138117
1.2827825478981112
-0.27978155658806197
1.2638718699372977
1.7411948734535931
-0.060156735707904363
1.1268605749878107
-1.7409326140828369
-1.4701131883042111
-2.4138132044592173
-1.2758196491922589
-0.77990564497416126
-1.1262804765003813
-0.80389440098788323
-0.65792900472335181
-0.47247522671053466
1.0030550361810691
0.45651982592425422
-0.035841468202592527
1.1464718347852445
1.7835734043565259
1.6049245351564401
0.48397629135878384
0.53183800178486307
-0.47605307289811205
-2.1033867797358115
-0.89455537359892534
-0.85689411225590395
-1.0384697289867109
-1.5406810144599867
2.1997888361053679
2.4212087974391259
1.1138824634099955
-1.7527069908732533
-1.1500079691958347
-1.4316344646968271
-0.40316980525504159
1.0347727863419627
0.55357782913446896
-0.27379515321650355
0.65208048179346056
0.9902239813680167
1.0916253241235718
0.83768881072711621
-0.50146210086569132
0.59267605723031136
1.6803533732996943
1.3329058748674871
1.1997383417075242
1.2593213396673062
1.3190539716193181
1.5526626228739577
1.1434141561090085
0.80878644059778804
-0.82013301939078276
-1.2487458746732174
1.6019038777769585
1.1333490875358494
-1.2059752258754994
-1.8636518543958525
1.2876930066691621
1.8443174627158188
-0.33500850100901214
-0.026407256783530987
-1.2373032722409558
-1.628963056398727
-0.36949415309592809
-0.24991466986524175
-1.0079768660840769
-0.48521339876802622
-0.55961715876526241
-0.19816776776885633
-0.78388566922469471
-0.57379992800828239
-0.10533132420773821
-0.43798145078772016
0.89432858446172825
0.64632119264144305
-0.61804817298510573
0.39007181382940032
0.71804700729639226
0.84796900825869581
0.93726458097252718
1.2457786304436929
-0.40637383227766033
-0.032024218536580044
-2.2937390121906698
-0.060070014615103036
-0.27623912774138143
-2.519163307157696
-1.38052389306571
0.33598891630014904
-0.31392536219663353
-0.00074453313442492889
-0.54813149888837842
-1.1400511649629037
-0.72353303282232673
-1.2817007596457712
-0.0025869781533679886
-1.4672644499991616
1.0568083657058716
-0.50959610361518093
0.86557192555942286
1.8578633858647069
1.8485068541994261
1.2436754872136815
1.8725188932664065
2.3308402774960473
1.8086290170850816
0.93662718484050456
0.4008777260858416
1.3744959635748348
-2.1296493548689761
-1.8223971679341953
-1.4877991114133726
-1.5075564490185558
-0.11918338838639964
-0.082922454055678149
-1.7634041180279549
-2.4969037513967676
-2.6182919651395773
-1.2279110914660696
-0.74551424381309839
-1.0660833682889248
-0.98456434006129478
-0.46604323811243464
-0.77216604413790457
-1.2878293380383881
-0.64536869383159345
-0.053145577809452386
1.9008075288388486
1.218261900757114
3.1942589435747069
0.42778222708261177
-0.83195180889000597
3.3127755208889695
2.6038676397388465
1.7308535247221608
1.7413123120020697
1.4788578546301885
2.3689368676025975
0.22224005124518567
-0.3928601663424639
-1.150143065896275
1.5240952737499363
1.524808706607919
1.8970477997788096
-0.85656112745634416
0.41873092166366693
-0.50480320992940986
1.6262909603928399
2.3766275382786737
1.4929955742338963
-1.836033568432639
-3.320514320716228
0.36405365777303372
1.3679768655046047
1.7054225063472681
1.6582344573778489
1.4022208041727187
1.4859881288479944
1.6266313254152647
1.5350007381957442
1.3725953413386771
0.97183313355094425
-0.32375054406583292
0.72311814930164819
2.3455596403845931
0.33212100542433742
1.5297422245454912
1.8249623522514393
-1.0797525875615708
1.757724940595863
1.1004981812697838
1.290185043407674
-0.95951114573495333
1.31067187659922
-0.86948375502908926
0.82827365560463984
0.2245427202557741
0.26921804632006646
0.35787847893612545
0.44338259408006131
0.39293097617215228
0.8384618186388878
0.3435340549840325
0.036214630519891503
0.51450451971575428
0.17679744946139619
0.29790573506575374
0.072914000685066371
0.58633233727360889
0.69947553915100336
0.65268678750026921
0.3056251231869922
0.013624348434112421
0.046808405514999402
0.40971394987971771
0.23797263737015592
0.25953828902861809
0.55868328156244695
0.67516522321246863
-0.167057082922519
0.13882720652659619
0.33937884442747379
0.86982124721279075
-0.62742940121079804
0.65086705844359105
0.039905608010826654
0.48617756937182055
-0.83352954381240085
0.42730136607352387
-0.14604161721674633
0.35002503288466891
0.066484746761061739
0.52862739429273931
-0.4512865539330842
0.76540171045625638
0.020056798805272329
0.54842217817887196
0.62732261003450251
-0.51347405547877412
-0.53770019186311602
0.40767096153601545
-0.19382324854692604
0.16217719474620604
-0.48688863448243297
-0.16304556800492565
-0.11709092629678823
-0.12128287042479942
-0.49320921235453363
-0.45422812443184735
0.37059268779279647
0.13766344060625227
-0.043291323100438366
0.92718764464966141
0.60147245842130959
0.36584625843574359
0.95730273301084989
0.93099529513150203
1.019134889908839
0.92570188646011775
1.2486181333540203
1.2466621516952343
0.057440029238659471
-0.091739024818913259
0.63531342268032953
0.54781718691343284
0.50716267338299748
0.71437054520271515
0.66690607351245645
0.43042672440363949
-1.3818777346185682
-1.0033196266788238
0.10277636613427804
0.35113235377671353
0.61463461258874053
0.25129337022395049
0.69036450658089155
0.31631388161666207
0.71034194223726121
0.28786800596773443
0.75221527247974662
0.58771112950240001
-0.61429078051346697
0.011608984712714314
0.4096626580662715
0.6158930373820185
0.69547836730704171
-1.1216474135731644
-1.0537024045386081
-1.1022316491662647
-1.01796918221237
-1.1032494182880779
-1.0033633741372803
-0.51303097242216389
-1.0101098939822013
0.24169989424884927
0.65399960151299641
0.22196898758712524
0.19341633037925945
0.81579801414696018
-0.028942796726194108
-0.58952627722737938
0.60621942144200092
0.68437603032735739
0.20030019556744094
0.74228454277757216
0.36043295610368031
0.68344140462603142
0.86559444693010801
-0.64121920913747499
-0.45718223895116472
0.67524370595522387
-0.23647185354428657
0.86590068677109344
-1.220146433554919
0.38120625970106686
-1.4125028516914633
-1.3287703259291441
-1.722672092551738
-0.12063645598398798
-0.71129034202645447
-0.58188843961872028
-0.36632141680890951
-0.92459048872113858
-0.4971843734002751
0.12879644314890609
-1.1923323525662279
-2.2160429927360776
-2.0506212047013719
3.5257597518285322
0.37422282868106432
-2.2208562068008728
-1.2780979533448387
-1.8151988857414467
1.1496576652665809
1.7112051424792925
1.4100188825904878
0.88655704276946012
-0.11611156822539587
1.3710644225666551
0.18901541478712305
-1.0584831058345054
-0.41959442790285001
-1.2359963101094156
-0.45083245140907513
-0.58135471481656242
-0.13475065321036178
0.21750873557914341
-0.31912827205799627
-0.036745110359730646
0.082281397592904287
0.95952869914790173
2.1325491094310998
1.7091498083137069
2.0264273298037283
2.5697201574464668
0.19160786233014884
1.0269089830818734
-0.27776149311797382
0.42168294760737041
-0.96970247314714564
-0.66173032631631434
0.015829366832784509
1.5214065639750134
-0.58150664488202586
-0.58480013006358789
-0.59066264642925281
-0.02738882749570121
1.2990913492957075
1.1571757495751278
-1.065825140103055
0.63390079990094894
-0.88566496327624855
-0.15288134811332871
-0.64020159318868308
0.66645262760613633
1.7793249371775717
1.1568205063553354
1.595604828339596
1.0261284161108448
1.3559467513477725
1.9598716626787549
1.5665009762807063
-0.91680330884630312
-0.86809263383572222
-0.6343971225941919
0.6677815013718289
-0.81744009332375933
-0.84879146575534736
1.2170089196338667
-0.91240141952721188
0.8323486175757312
-0.63427588774261712
1.8230567664826567
1.3961494181564298
-0.24278243540965477
-0.00094103647793246131
1.3009352102394978
1.2851035424365969
1.1705896527744208
1.2769225326047358
1.2660220485611426
1.6692387826165473
1.150096573805174
0.84298432728379435
-0.5807594005854767
-0.51108774497303566
0.12259657848905395
-0.19839001860971908
-0.8852654596648375
-1.2004229743557533
1.3897234284408169
1.2828382378873657
-0.24633296059266724
-0.53109748253083577
1.1975394825799761
-0.059962036750835952
-0.55052398447487472
-0.225073227173478
-0.00017320566007720379
-0.24553793400555643
-0.21882065985463903
-0.7896242854457598
-0.54280004728538545
-0.58570512906097427
-0.38685621853057095
-0.35665872117088948
-0.64314624429633238
0.325806614424339
-1.1218377857298478
-0.25037318199706082
-0.65186105301146235
-0.77013545442910958
-0.76496324034837138
-0.56326644634054512
0.29718511356054811
-0.0346451687964099
-0.67645511090300303
-1.370726694082
-1.5562498328768668
-0.78687725260172769
-1.1287063939335236
-1.059262325770735
-0.54169688112464875
-1.2467863764950049
-0.55718481297000211
1.1680540263765358
-0.53113048594958745
0.59913256446496022
-0.71284820796846515
-1.0157297139847574
-0.43028019555977631
-0.61594240282242274
1.6213168752477709
1.6267096530844503
2.0241678988689515
2.1976032276691106
1.6695872243285594
2.246935158029074
2.0595416260244295
1.3318103368981742
1.5659400877856198
0.66493599837750794
-0.35791630102916477
-0.35837467593475997
0.4197542169433543
1.7103024950791903
0.18484962257884888
1.4538869435173294
1.5988310904524836
1.3237206289339234
1.5921708885730372
1.1628689363869713
0.8026007508793398
1.2621564802457672
0.56644216341400755
0.24500765730311613
0.25457303409635351
-1.3222158368660251
-0.95500581341207946
-0.75725222066592157
-0.88042935755579288
-0.94917599259622942
-0.9343951815527427
0.14339635902855619
0.17208589300160659
1.2249351445976582
1.4416555258488397
1.0142732651498969
1.5803683974322216
1.6090720459516961
1.1490709731250555
0.97694095179043206
0.52725142703273875
-0.20416558878106167
-1.3605505331613756
-1.1532559305132495
-0.38643740578930452
0.50829565379373709
-0.31799127270916194
-0.69892785790149903
-0.98498632057935731
-0.58375910002126097
0.48675898398386996
1.4425934596877135
0.84680917514705767
0.77581837948676846
-0.69021516294927698
-0.80691266919667137
0.06873803240374024
0.042279397774167803
0.052379549620245325
-0.0076046037560580041
-0.36008627197921989
0.25070598511821973
0.43571427867811507
0.94046404665943739
-1.0703048715838646
-1.3629485981989113
-0.43170290263173566
1.0267869507415281
1.4336731429779079
0.91162721201126995
0.28108533419806786
-0.09819131624407304
0.12184320899271356
0.22040133069816006
-0.5459068834929881
0.40493347682719244
0.45157519424013831
-0.7273672488379499
-1.1441878603829798
0.63630825261115775
-1.835123394391641
0.4486299799462744
0.93946463893682408
0.55290554306230366
-0.70449645483289691
-0.38646875449018203
-0.14045251525214386
-0.86724035706216318
0.60206714667635675
0.66098957158261862
0.84905880084615493
0.79348931376023646
0.33789937156190342
-0.089019317938350093
0.10018707503222231
0.98067619880485768
-0.1188586263759558
0.16734360736130435
0.48034378005668588
0.64084449969740453
0.91919418197425562
0.96860386908184704
0.43024631105046812
0.77845895712885538
0.6724839509754641
0.8095719249486989
0.68829574547009409
0.41068881496630194
-0.14969839235469337
1.0329811919572278
0.50555852879039986
-0.2440525045564477
-0.60552716887955926
-1.1960269756638366
0.33868925073946554
-0.88467440713860157
-0.40597939179823528
-0.27895454936974706
-1.0345279052884935
0.95962928665330016
0.67841071683948362
-0.91363083011826662
-1.6359543575369162
-0.92182230660352227
0.18624552682530465
-0.034411851236273681
0.74739237777008749
0.84011874164701061
1.2030037571602108
1.4558154111643908
0.62357423913722854
0.65097503699210135
0.71904122935611081
0.75089891209714965
0.53547472210539682
0.38349607296311561
-0.21351185108758647
0.91841565159087979
0.31764492029693259
-1.8470341145316547
-2.2102467793829867
-2.1756556759738483
0.17659561884726122
0.16627112653062184
-0.55648817454427701
-0.71522601435461786
-0.79485937475125712
0.77620552025624534
0.06844457994296331
-1.1770020521353326
1.1578623282972262
1.0426355717391229
0.39634613939310248
1.5226559923526
0.98554806480490265
0.47287295335324736
0.36928368613676704
0.11549108160554945
1.3596121908511536
-0.44787590678737627
1.0722920352004455
-0.6117481751302819
0.080862957181470033
0.54257617430888261
0.57648548704787528
-0.31932124602540163
0.12481515295371833
-1.1455050648829534
-1.1361776371188845
-1.0325808406063925
-1.1021243233023905
-1.5531150379778176
-1.0946119883411554
-0.45088079576214524
0.26056928240477206
-0.38152501983149728
-1.2998585261288158
-0.12262479905012036
1.0925910301628439
1.1433441679349787
1.0864138772516549
1.0472299818609909
0.80239696434704721
0.42298530319228789
-0.61284821135808298
0.11484845259067966
0.61936523880278949
0.62346058451807873
-0.21230737539070382
-0.24681318498608346
0.4940415406107303
0.81673534869144626
0.80413253400905205
0.7269209626908677
0.5754463357460069
-0.2963650530759096
0.41604802601832747
0.022689032132438114
0.15242176329755236
-0.99048580404768394
-0.74730685311525358
-0.59729547248995052
-0.34889805134468271
-0.15276706697529974
0.60515759243389489
0.12070573075235071
1.6227234497228966
0.076906353171170616
-1.4129117322903877
-0.47015585195215465
0.25620308612752646
-2.2300322595208173
0.15236200922659479
-1.2873665545811159
0.65092033142636407
-1.4606060475776497
0.83923731463897633
-0.73606743962285692
-0.12395612832581659
0.43683081638064475
0.3134097438016793
0.30074815382405523
0.59184553712876864
0.4233909122234909
1.1388940256782571
0.24584751134601421
1.029417403377807
1.0448323362234841
1.1839215419596334
0.78293545745480719
1.1141983718153574
0.82982408596743495
-0.24579636970979576
0.69633233787721627
0.001494556249365497
0.017080832996959245
-0.029125492328399033
0.21722435266106518
-1.8376990678763314
-2.7112810400498426
-2.7765516443623373
-1.2186376433883619
-0.95872887647670657
-1.3806939923560384
-1.4620473479056966
-0.62425771830281229
-0.68969223307299699
0.75854461952094021
0.88089603151745977
1.0123925517414689
1.3180880587682426
1.6369207834173154
1.5998249586294719
0.088493911191418195
0.63747861543188766
-1.4143785615238695
-2.2188565221696961
-1.5585503953079232
-1.507129361716175
-0.39583475180695005
-1.9586384274292952
0.37723596633332329
0.692144051023169
1.7389197679747175
-1.6823520467335442
-0.89968351978910333
0.12043063792600209
-0.72639241513329345
1.1235272829340659
0.96717440653681852
0.67173115195944899
0.58406911033602404
0.99999463216537587
0.13981458960914328
1.602925425821903
1.0113097565276745
0.29218583215840044
0.37126595868912937
1.0321854631113938
0.92486965544014033
1.0291463449189322
0.89560437074123089
0.84829138180240382
0.79763308700762869
0.65650823377803014
0.40065997256521946
0.46730997795532414
0.48656361683573407
0.60843288392748007
0.56403582572525268
0.52696015321871059
1.6883619497115849
0.56510073388717785
-0.32472931003713462
0.52511520824938396
0.7070083459641241
0.64743940259083055
-1.0046177189203254
0.40828459979449594
-0.98075651008394715
-1.0074524403703886
-0.71225637921876594
-1.5616864031637974
-0.68782318196592918
-0.76207842963666528
-0.081879039613282592
-1.6541480956910501
0.19268609099581993
-0.29924505695402287
-1.4030448617656051
-1.719430210968842
-1.1703369799094403
-0.94058340187878287
-0.75683685181282156
-0.072739068081222449
0.73717267797769326
0.0026800268582647087
2.9455130750451954
0.10561439709211762
-2.1071124525090466
-0.17439465173721208
-1.9913046433079424
-2.414726224486202
-1.1401317481749695
-2.8884280546233181
-0.62911957860191592
1.4215479947997391
-0.73809304829122513
1.0716836499877529
-1.0039141092660295
-1.0221041641517967
0.64951266643314531
-0.58807149926271063
0.83231883842396315
0.71295329462513324
1.6382621586141906
1.1075375516641786
2.0044280246807977
0.085219777662272178
0.3399655832523607
1.6053696790792691
0.23414596977121485
-0.97538645594734863
-1.4918456376982998
-1.6084562335208115
-0.10431029860524427
1.6712859627043073
-0.067725261433722914
2.3037965054292804
1.8406920514482219
1.3947392411237596
2.5501476036418742
0.81652005811671802
0.63630073361122419
1.2759091636386137
0.027636196501942309
-0.31975273809199339
-0.11320667580772026
-1.7352425332431591
-1.1584225190146973
-0.65877705624480576
1.9815673579164008
2.2796240012849429
2.576590887072761
-0.25807000167131444
1.4901513553720367
-2.6773743294522152
-2.41408249477468
-1.234994279408216
-0.87421632421689444
-0.053861356736034677
-1.8796252090691792
-1.4874447014526377
-1.3454415098493349
2.4101902154218013
-2.1467937449912746
-1.6989033791455048
-0.70307510655453997
-0.34593276145959451
0.6945304637078451
-0.68106293520425631
1.5479254967196705
0.11084278016623605
1.4594520596729479
1.4849689826202075
1.1187384042844897
2.468448459457758
-0.21005281810365167
0.95651446181719246
1.3970491468649453
1.4764184790332355
1.3872407094652948
1.2760385890706549
2.1827751788614638
1.3239157347562867
0.61087423561244536
1.8016568739131071
0.55098583779342902
1.0563318482321511
1.4634840860237757
-1.406334921131571
-1.5207894557334882
1.186367607514287
-1.603114916773527
-1.1632397113672943
0.25670583124051771
-1.5609379384958688
0.94862099418106105
-0.5537043706822451
-0.66473863604403693
0.76241500788491023
-0.2088154651150067
0.23694904336798681
-0.27786813338847988
1.1538401224149102
0.90923868081164116
-1.3359477634711843
1.2709163164150286
-1.2591645090361554
-2.2623372645213755
-0.19642988556095656
0.58074808764438846
-0.95390698497880122
-0.66142941298951752
-0.55306805797071323
1.0519625247223143
-0.37939800823853814
0.10107900497065228
-0.38497318296179678
-1.1671213645045115
1.219150034531169
2.3268073813387029
0.8942777728367749
-2.1188693145554969
-1.6373476435174759
-2.0886959577734232
1.3009141345835171
1.6870598969115427
1.2165900696915646
1.5133204829703575
0.24642660947251688
2.6590909966031209
-0.24555924753253919
-1.4187480412872482
-1.2630842873842802
-2.8329733257297196
-1.6567888848837486
-2.2251861961951023
-1.0775691985434086
-0.85950248719663203
-2.4759357325350377
-0.90042418148880932
-0.45629168235158052
0.96482078236061841
2.1123538842431548
2.2265762631578259
1.763247804476844
2.0521314171039053
-0.042843253557625229
-0.1897757652242292
1.9972082217113718
1.4792387260819635
2.0085656336691358
-0.19220615738044952
1.0919511099820107
1.5176176170167257
0.1059279181688796
0.62641577224163514
1.5378853456725163
0.85806078460939839
1.4317544997287639
0.90800026267166634
-1.3531687371664265
-0.8454289934818886
-1.7809894994099351
0.22966424346418418
-0.44973884254425955
1.1174637753426386
1.7950868578679504
1.2099286657962924
2.6590612250271479
0.18811616011695018
1.1319473482656328
2.6237092672463067
2.7788708854984225
-1.8600256626877645
-1.3777857764007693
-1.257376329815511
-0.36870470465327132
-3.2446173261645068
-0.83668926934979482
1.1699343604203503
-1.3954060031747535
-1.0722717250949461
-0.75189268472659265
2.3642296576341377
0.87659339744734521
-0.29815831367014445
-1.3383353069127126
-0.88339580210428548
1.6442613650461442
1.6104782735373278
1.7066353430147885
1.5999823783318337
1.8263206884740797
1.3814591487582728
0.76224834755145954
-0.19729935005192176
-0.19563796239615103
-2.0584833920691246
-0.87873265739747264
-0.90908380352500184
-1.7067349996851779
1.3332192902977711
1.6254470611960949
-0.30420322747113826
-0.4256248016202091
1.4491911969493714
-1.1017279615739435
0.892444267199201
-0.68898842172211039
0.23739575811551314
0.080330415667042437
0.68986202635547111
-0.47744674614741106
0.071361625030333789
-0.81271868988443485
1.6215674465160941
0.77691841361389835
0.30470453882056747
2.3029007143145828
-0.89634711239851728
1.1548950682565662
1.0558252510598416
0.89144230271394009
1.2009813035513699
-0.15522041661776234
-1.0989650139986646
-0.18022712081225095
1.2207874385058795
-0.80440165313102563
0.53220990394243139
3.3442578286923053
-0.25280034507493604
2.9109027564499828
1.839528591516421
2.6148022696208191
-0.89695181455526107
-0.23102814103522906
-0.84912333622868852
-0.83518587479612805
-0.78583245924454459
-2.1442622071211801
0.89752058217434805
1.7908649210671288
1.6346688833689202
2.2510670339353513
1.607945147119098
2.3981315597802801
1.3292703391479987
1.2953672917058741
2.1658684848954621
1.0163200917386572
2.1073590851409794
0.47546462441114767
0.95832875338928225
-0.20448691322474194
0.97615147144564363
2.3658590288608079
0.079715300769061179
1.0508749180701866
0.03760423163565909
0.42713673134497798
-0.55857470123199071
-0.18158372735690129
0.041070742792916032
0.20014295738616655
1.1572655203721289
0.74203719794167911
0.61195331477516945
-1.1224429586086209
-1.4540486498346137
-1.5242749180230324
-2.2305068687361684
-2.3427783159193938
-2.1834200421934993
-0.91815760767324284
-0.59729012605884813
-2.0330548031615905
-2.1833568129847589
-0.99714676223138876
-0.78039789380430402
0.44062216708894919
-1.5193640687028223
-1.3659909071570984
0.40360214685447537
-0.62057612513350857
2.2158796999304413
2.0038784303084363
0.23842492681172509
1.1950672727440723
-1.1277748755849761
-1.3281710174992867
-0.49001440663753199
1.6714581243039437
-1.4174878943136289
1.9917632586166283
2.0878800191447553
2.1917035173095663
1.0071321222189054
1.3661686041726595
-1.6361362907135506
-1.5109014114213863
-1.6514688107208235
-1.5976365601595459
-1.8921677535641763
-1.2220858389690579
-0.76230607523178762
0.20537193853799726
-1.3113367151187527
1.9435738351489935
0.9523578722736924
1.4101587626477106
2.2273001884812103
1.7866566644219202
-0.78629221643782388
0.79179265458765191
-0.84456321376771448
-0.64054235730548859
0.60087861445542656
0.38756448409965366
1.1081034706217439
0.9289898155252132
2.4566902701969795
1.1884522533952209
0.6931235164428533
1.4222816867771588
0.84222053333774816
1.6271497902765366
2.6069704136970033
-0.3963810477275912
1.4735845614974887
-0.20042807346766153
0.41267805248070766
0.2979621396612861
-0.44319539467345842
0.67607589565632453
-1.8005688843706278
-0.46247564505389027
0.081186836877071095
-0.340317079409867
-0.91343432230401933
-0.3269115702651072
-0.87602835472871754
-0.44337474537149912
0.70881618102044364
1.782851273381437
0.77430406759359838
1.1167789724424451
1.2572263556834578
0.87596708884737751
1.0606328623822521
-0.74471699035331052
2.5564197586644668
-0.16831576254619554
1.5835782794816808
1.0326872048011093
1.5725628208715412
2.0243492906792859
-0.12518665500966633
2.6667430168314019
0.50849236113960827
-0.58440990862695308
2.5231675447816353
-1.1277832972061257
-0.88157099569127328
3.4377176343222233
2.11752578717604
0.82294107683260387
2.4948682919944294
-0.15793434532182749
-0.80945623127390676
1.7711458904942616
2.0061073285373143
2.5841763999059335
1.5744341995222813
0.74715816172384175
1.237825689879166
1.8398235658231812
1.0507642445595833
1.1218233402453863
-0.73130941315510045
0.519280432298735
0.5312912460715068
-1.4268767009217231
-1.4244219618286051
-1.5976384408103765
-0.82732638540743142
-0.63283540645873515
1.6689587260475589
0.63163886227687394
1.8471123363901905
3.6733828912140569
2.2508398512904177
2.0328273312328204
-1.3672871425015314
-1.530964901113868
-1.5663331698946592
-1.772592703586034
-1.1574359421927038
-0.90298352261631487
1.298897874321014
-0.91411942429603255
0.34371472332406228
1.3142426253816191
-0.24950742396807915
-0.98300540662599822
-0.089167624950102234
0.39628730991378197
-0.49730800029289052
-0.858840489114159
-0.51129095335665564
1.7420200077052672
1.6438657367273224
1.8039775321324516
1.6779337071079674
2.0951445839003013
1.5998272552089368
0.78748147638410293
1.019418093832194
1.8947536350679937
-1.2753881829391698
0.7669032812892641
-0.68703252426568129
-1.4809906382201354
1.2696849238598631
-1.3168694870398012
-0.24394496571881344
0.43853457254368211
1.0520788915075259
2.1808687105546984
0.60951768663259231
-0.20950560214557096
-0.35370964190419935
1.3306701833212957
0.91768307663271331
2.1273996613594868
1.0695595421072914
1.2640775662984869
1.4680490690840919
1.3033246808684178
2.0058467617013993
1.0058802696547708
2.2934188639913211
-1.1553308540707647
-0.87684163597004761
-0.90461387343499977
-0.64873909555507403
-0.32054206493229087
0.84623089717909805
0.14846339606367648
0.28866394370251991
-0.40939402804888136
1.2591854963491331
-3.7415907145637268
1.3560661509191658
0.088377360771149174
1.9787343778954951
-0.76804214104592883
1.1342366829974284
0.87800533828723504
0.95156824310517507
1.2640836741796917
0.66146178418747148
-0.28545872139088807
-0.55803955200321431
1.456036562765505
-0.51106768678625103
0.59593754970350588
-1.6226706887691664
-0.86840202062903882
-1.2214748966723372
-0.97654352266164246
-1.2932958664693508
-0.26009589830418867
-2.1585453133980175
-1.101275913654177
-2.0163587049376668
-1.9954881206434443
-0.93104206245432719
-2.3644681431171057
0.082855462639155844
0.032893159995950744
1.4213506310248043
1.6833452274181639
2.0316760879455749
0.95780723219756025
0.57313636438805249
0.89001194799804462
0.90517076295409993
0.43543251473286781
1.0858177153248114
1.6654869210422596
1.3285881421205987
1.2136570178706629
-1.0886330872467622
-0.50525987321338495
-0.39407828091620051
0.49640258726845549
0.72417575992051675
1.8837117381557189
1.9529360777030382
1.3636853072969473
1.3980699518776971
-0.29440160073122174
1.7707381415444097
-1.5383205640478699
-1.6765361845213513
0.74769014652120913
-1.9885158763512989
-1.9204263157167629
-1.9265088648534201
0.84105695903680977
1.1644804310640104
1.0346106567355484
1.3022891835769979
-0.84454046639427494
-0.79774479157466849
-1.1536497401735566
-2.3667557315822685
-1.8958908287880387
-1.0867246898447489
-0.85400961662150576
-1.5758563314113059
-1.6196430996030773
-1.4346491413790572
-1.3518982125317407
-1.4756870229963643
-1.5038568607676648
-0.86617437167066724
-0.16848076669727671
0.81916648011542126
-0.12915562111420195
0.77295534710013503
0.2213815090733755
0.41742948603296282
-0.72286310692473554
-1.4951414822598854
-1.1365909770615095
0.65941148082022405
-1.5600278626390316
0.52597582014072863
0.92034185242845845
0.56742420404150151
-0.093984411763116602
-0.39909949873931283
-0.25297590531767272
0.95384321896137969
0.37147623201474944
1.1884973900887381
-0.55297916877627207
-0.36970470994597554
-1.0470797655369091
-1.742675694501808
-1.4168307265070248
-0.24498051890458908
-0.82832761027205237
-0.71700704468248833
-0.9701769504073583
-1.2407629829434483
-0.18391461047620983
0.009044764094182341
1.5921442635491789
-1.8271028043923283
-1.7896898038134172
-0.1302646652468171
1.0446920895716794
-1.2726307971778767
-0.67562800533758949
-2.2998482102766027
1.4119321985066826
1.4828643145287499
1.7879642239800018
1.5662042037135095
-0.82964362672309588
2.791638296130952
1.0110197001818273
-0.87402536336801295
-1.4014927387029548
-1.0021120433037194
-1.6324851148033688
-1.153138960811058
-1.3926287068930372
-1.8148936420560844
-2.0682963764983118
-0.71232858478851357
-0.54609485305409022
0.45046827836951475
-0.0032368288814935277
0.83507919879833525
-1.3215094781751895
0.0091267961532661319
0.028009616507762663
-1.0606247437810974
2.5642638724725306
3.4625723038084115
3.259237390579357
1.5066202660623187
0.98516099102938715
1.4848659574390375
2.0917886549761864
0.93039832658667354
1.4167627168080434
2.112354172111115
2.0411036244649785
1.9780674946535466
-1.2627932325478848
-1.2379568639684861
-1.1792858630264098
-0.8097559749887292
0.11332842831783514
-0.8587196705525264
-1.0395145883743455
-1.0530639821455274
1.0797231834280294
-1.2126463735502067
-1.20534638363612
0.17789378139477374
-0.76547393271833386
0.51399880228575923
-1.1469310802663504
-1.0545112287876333
-1.1988279356957177
1.8673012696924658
0.83389087815183782
1.6375860159116979
1.3425093059605555
1.9243797722087153
-0.33421816266691978
-0.95651874387556124
-0.009959037618558788
-1.0468369225123479
1.4744686795154809
1.6262338726388861
1.5580488960380352
1.690604986662382
1.6069421487665376
1.5576653336449511
1.2748098006045041
1.4417479912732971
0.8882804673174477
1.0657112644343389
1.401484647135735
2.7601473137188579
0.13272093818038028
1.5275785439322851
1.5541279352666701
-0.53390703790461458
0.37806849503053863
-0.65138727150624876
0.94346333714941533
1.0169362281300582
1.0036396406415586
1.6032763541309409
1.0857472836031177
-0.32168007823151412
-0.40886576098061739
-0.51057802808463915
0.11539564098190137
-0.62162447246876018
-0.79495296199518517
-0.42670589114086016
-0.26582841279292618
0.57824628392015176
1.3517672608289641
-0.46900853903385653
-0.17275798778686513
-0.33185035568572108
-0.98398486837360588
-0.93684440031111726
-1.3656828307151925
-0.22626191204003296
-0.07959548913041127
-2.3130263564060436
-1.4832498781843491
-1.3200074819274512
-2.3572265044435614
-2.2790516650128283
-0.39816790823553694
-0.58392462915281451
-1.6503307185899465
-0.93253311957914065
0.18114122037762564
-0.64829725586226628
0.44852215166840192
-1.2125514648353553
-3.1010280407605171
0.2699391690785754
-0.55237490706207959
1.3084880323041819
1.7583615068475722
2.0296093959354367
2.1106247129373479
1.5493242417716078
1.8212822391227785
1.6793299325518749
1.6646243456880532
0.4983261366298703
0.6246713596757123
-1.3610284596162499
0.21276936823392131
-1.4089561907083157
-1.6099987491930785
-0.081956935249879084
-0.79045743260699752
0.83073488513460148
2.1928926098895194
2.0058525179443714
0.23335852559207729
0.4359525448023589
0.014159757897592202
0.90892762618768197
0.65390391883793786
0.68056023249072295
-2.1915958899866781
-1.0769484556686597
0.093221854706812768
1.7963716784267361
2.2865223983458902
3.0904445953868027
-0.6425856957628937
-1.0144772658863745
3.3267169327427815
2.88587626274672
1.4190952392914489
1.8030478831962486
1.467459319594892
2.6516639752921507
1.162972619483716
-0.35018062911991038
-1.8216932765676956
-1.5461449570102246
-0.51325296613456384
0.22163392387126243
1.0545689319608698
-0.35353875413884811
-0.42652417000159798
-1.3856957716366378
1.8109721893403448
2.0212504798732067
-1.1763613439606451
-2.8679534822188373
-0.96034585749749002
2.1248384273265186
2.541279092498133
-1.5583545947150981
-1.7555330314131834
-1.4829325079450486
-1.3725339156697225
-1.4851378078463691
-1.3540989100998302
-0.66118034092353328
1.2831578637397663
0.05130886705912887
1.0568653772690852
-1.2268524346317482
-1.1349746984779139
-1.0160059964166082
-0.81067562652985758
0.83063060632971464
-0.64605444260666112
-0.20467834295238618
1.8234619351004882
0.047307083647364655
0.81518815137333789
0.44048723143488377
1.3321339182348146
1.33699184166935
0.73461420537100064
1.5525808150763649
0.34360449272608889
-1.0445978332302914
1.1412160906083
0.94419064705644584
1.3365176258311999
1.4518980962880119
0.48867852264014078
0.59835702451314554
-0.40728833092383959
0.13200212934213568
-0.20666781510376783
-2.1496232777555866
-0.6940987529875764
-0.14520568695316172
-1.0820360432482337
-1.2546372495935127
-1.2282646448071446
1.7629910645866076
-0.51485240391786913
0.73336292275283732
1.609737495079929
1.0507020967118745
-1.0576756932318168
-0.88582860192822721
-1.1552730212069051
-1.3872758200893776
-0.6624781619919422
3.297715704500749
-0.18028798061139001
1.5501471905610065
-0.6423855521405345
-1.2132791149646955
-1.8214790729979424
-1.2288434063182128
-1.4385340633893973
-1.8744612579453341
-1.8549176451871627
-0.79159406034927104
-1.6716302088110522
-0.70688355482343568
1.8597029090597044
2.1192553197881492
1.8090317214588898
2.5639313151098624
0.10830758446844919
0.32878765225172485
-1.657656592193048
-1.0328406754336619
-1.7479255551734172
-0.44862565384635478
-0.32126906973245806
-0.73646317456369181
-0.10887088742842606
0.23652645822532095
0.1352914002024399
-1.4917883343631473
-1.5087459411424791
-1.9086658114239958
2.9367212770307303
1.9220974979962278
2.8655938596562303
-0.88996947180486885
-0.53048907637215514
1.0690043660352471
1.4193624655643819
1.229683826520326
0.72904817937916022
1.6473571245461349
1.3649208953985843
-1.3443863563898921
-0.68966243088949586
-1.6640486799002581
0.20027757773622976
0.92966403052711732
-0.75832736964868042
0.076694098899259711
-1.0225827983524818
-1.5485210348822704
-1.0669521660327532
-1.5124645562592989
0.30296641634754373
1.3409812567478785
0.61516271398015487
0.23690353173803963
-0.53755901891697866
-1.2812191137247178
1.8026581570053943
1.603710616558057
1.6106949706597977
1.5797081440139729
1.4743081779670075
1.6178082794700599
1.0129458233623689
-0.6572626259819988
-0.72650013227010923
-1.8309805648749917
-0.62084067423112299
1.7853809069763331
1.9126001922245348
0.66176335496032002
-0.54315344138444599
0.74645317864324989
-0.47144456204383217
1.8371843128532239
-0.45440263109621476
-0.083471087418563406
1.0770856031140144
biases
0.35879814948523997
-0.69040083355723958
-0.047621023659617082
-0.35919146990395018
0.19531846377181858
0.0063641825281535065
-0.27187620844228488
-0.28237611777855659
-0.089831588511088495
-0.1325695477724857
0.030174517071614344
-0.012645522328357058
0.12804943514865222
0.073928006711893188
-0.0456959932054853
0.099153753687178353
-0.0582243502886923
0.15083916530383074
-0.052500014656315722
-0.089853865491119331
-0.2494450076609398
-0.24174000931662432
0.26379577602304277
-0.91720020495634191
0.35894682889162072
-0.10636758214881992
0.16707679899823363
0.030997573212151144
0.20077586004053577
-0.10885939454769811
-0.15200357632134409
-0.12357636658669374
0.020874101041680523
0.24561804190915273
-0.29934262917732096
0.079626302927809339
-0.22821582511836988
-0.017834009408669055
-0.046526036854708873
0.37730820483787558
0.75139717213325785
-0.60086305247279359
-0.25806126673092
-0.67811566353264463
0.030943637373936291
-0.16187005470688332
-0.50137002794557484
-0.46560964273113103
end_layer
layer 1
weights
-0.69654960419284673
-0.65843173249285203
-0.42297120122641096
-0.96248907670311301
-0.77709732930878428
0.015540674053938774
1.0576703054524024
-0.85341674565225922
-0.29222332490057346
0.0018161272934128828
-0.56374859701008562
0.54505290852358834
-0.27361473108758172
-0.68751131131839116
-0.46495732266895701
0.27570629819351156
-0.79421693264345072
-1.1052822592539482
-0.89603940052590803
-0.94074648825530349
0.96836885830122854
0.44587836207392556
-0.4916868217084564
0.73433273454819326
0.27517048523250431
-0.64846343464843748
0.43547904062482834
0.11332035304686111
0.049443188990693866
0.29823407164651083
0.39948102295664123
0.81736470924534155
0.46192212635005542
0.55045978560793296
-0.9234655434839586
-0.48438772855711165
-0.94783628799995501
-0.51479121683745654
-0.59876028260399383
-0.51687136241873732
-0.74623852327529339
-0.45703630205888118
0.82857500917794769
0.38712379125411306
0.2250008777110161
-1.0809594801064479
-0.84773476875641218
0.80363091690699273
-0.68744098803979614
-0.74463672330464092
0.16899328312366821
0.41116458594794775
0.35836439584271584
0.10244765356459773
0.22543439824817027
-0.52091116304588048
-0.61082937084240319
0.28686355152640014
0.051326408452919678
-0.31928955809430587
0.23846004996974712
0.016512146468934053
0.49607941850487514
-0.88608604237818078
-0.70784477885109354
-0.41221477304825127
-0.32151551904180009
-0.4908867090226593
-0.27309954651386192
-0.34010505237876754
-0.76440984347086638
0.53087532635309909
-0.61947236336687461
0.40190149209924553
0.023807631603422637
-0.25824841661418191
-0.4485712185286278
0.56624208911611029
0.24461136313684279
0.64613148047692792
-0.68951890497953106
0.35606775844607969
-0.77326370458995763
0.25391372326380451
0.25018726796340585
-0.66107804807867787
-0.36455926606114486
-0.10356277371241954
-0.72279906466452359
0.53218495222296069
-0.86969465850560679
-0.18170489610916893
0.20441609509898448
-0.15208948352410406
-0.70516890352176997
-0.56327421921514287
0.027769724308660062
-0.75150618367862687
0.207485901020552
0.49607647690265755
0.4167834366125584
-0.063646840051481329
0.65008528781196484
0.25953989451648868
0.065214939650819162
-0.82474628985864329
-0.85039514755660561
-0.6795833827637876
-0.23513609994673415
0.052154699962088123
-0.22547688384526521
0.33204459145463439
-0.71138197560016181
-0.59074062831983731
-0.058647115807696673
0.17880408406353121
0.025183711047695834
-0.60421110222688612
-0.57196951477077151
-0.0042974179951829738
0.41122522228140768
-0.46795130276878605
0.29997863373583555
-0.85998551246748201
0.0049650899442431036
-0.15166863826766178
0.41461939043916868
-0.066888072340664101
-0.44708805722920014
-0.78520346584446954
0.31039335867630791
-0.10563320698585078
-0.23745262877300113
0.45044714573776529
-0.30312447423816974
0.16904122661384216
0.13678913084262451
-0.82511460891691901
0.46124290789020023
-0.12338578668923919
-0.26185523400281602
-0.75530430869903986
0.1010639637051049
-0.51499614708882535
0.40128325390358044
0.17095209163429226
-0.20543116703290967
-0.47391141342422183
0.3112129653476059
0.18027165303626089
-0.55633919438978408
0.19000063687659738
-0.34398509192115678
-0.40189481837320268
0.38722565401400877
-0.047032831493686242
-0.63757520495461517
0.019407922513549246
0.19255531189276226
0.15008027924414541
0.39622187227824501
-0.63435839099505187
0.40614578616425417
0.23231601580177383
0.57554170174497343
-0.29424944563508004
0.058985647100069136
0.45802178109890723
-0.34280518302126911
-0.48492501200445526
-0.49994081099044024
0.098985309310214639
-0.42593856384875084
0.4942095426876611
-0.74389218323086093
-0.72251307642473872
-0.55156460590785661
-0.4386647258683723
0.3763715811983171
-0.10439354389484017
-0.41235699281048682
-0.71198149874461414
0.48640210353930269
-0.56786176569322655
-0.7326258104430029
-0.4119615781801545
0.33209243927543092
-0.46587701226278766
-0.59867133063223921
-0.68763090522388282
-0.85810122125645549
-0.23676742552400942
0.54297356308450906
-0.74219819540200416
0.18064427180769285
-0.49119047426421658
-0.62748191337239512
-0.77149153581168206
0.24254837432525939
-0.84443500987052844
0.38807480879408679
-0.55088196772311837
-0.98221953387978134
-0.71800505366159428
0.27628553429537328
0.33433850971469453
0.11313252155435508
-0.56900626011305155
-0.43198566540693373
0.46773066791684642
0.39739705911770934
-0.44641841026604512
-0.21918988661235636
-0.98047305228946136
0.17862222329314778
-0.68810627162545424
-0.42782411374431922
0.50632799508479143
-0.2259995850678497
-0.33559826611308768
0.36586833871945096
0.028144091156797897
-0.063079824651034358
-0.64239531843322528
1.2046053364435731
0.59269467978844292
-1.0999009225777698
-0.66266996267585876
0.57713251524041875
0.25716148112637466
-0.18239273344651957
0.023204394376492608
0.64350768965563665
0.11669920025995861
0.48325863822150034
-0.36801426331572873
-0.81959866376867607
-0.58195630183472602
-1.1659247864800919
0.2359226523995179
-0.55863354159392109
0.26583776491505506
0.22373296099605255
0.40057810324504722
0.37840425064103067
-0.52221867141061051
0.3595476461981722
0.42136512303735141
0.33320692095682819
0.3204137563116114
0.37208055272825569
-0.30956318288603313
-0.57206312788350933
-0.51205956113047424
-0.56497581456357726
-0.31917893972867872
0.36453688989845595
0.19988631108932761
-0.7235083660088949
-0.36946803307499876
-0.61352168229603232
0.1748801248107674
-0.63355024737476839
0.46772501062347327
-0.54143615395837552
-0.079577490455030375
-0.6227282528795387
-0.70394007787782631
0.44199124114759136
-0.48243367406627014
-0.21886780752477228
-0.2318659806671535
0.038744572825810009
0.073678263536529648
0.055097930838892806
-0.67634896218556695
0.22277077582461313
0.17082297106021427
0.14365888111809172
-0.14129371471701152
-0.654605285687203
-0.057445364373288565
-0.17955414593766006
-0.72459783036555636
-0.55329662102551624
-0.38562185927366627
0.32830189766793472
-0.62083214367802608
-0.36729005897382855
-0.020610371404553247
0.15044326904838543
-0.23085898353019668
0.44475727191709935
-0.58866753140892714
-0.56345248880063148
-0.17358582461269359
-0.75200339515680881
-0.78495561325799468
0.24311358971253974
-0.16596992186133994
-0.27132375815915877
-0.4318517071520353
-0.80534116619809937
-0.8934249654645634
0.31972985168016954
0.5151138189914527
-0.66894336331190474
0.36805508900147893
0.34826467143717765
0.54815086418029779
-0.32963223828332611
-0.79177601192840386
0.10536424404918429
-0.4862163542646758
0.34350086839570726
0.23859638981747741
-0.20199988239373429
0.18244159400933027
-0.39588303658333124
0.10115180083111326
0.3517057646174695
-0.7105435718856028
-0.78783747291119166
-0.50741143106554543
-0.15450324162636475
0.19675485134936402
0.10519321482779312
-0.79293161647516164
0.42953893999574805
0.39792015415022708
-0.17591858056445356
0.15649004390881521
0.26837460179336109
0.21675486236713817
-0.12758669985464305
-0.45182513989704598
-0.081721245541539311
0.5508622087699051
-0.37905771581675241
-0.18254751579829881
-0.8802349166463167
-0.53858053459996535
-0.39887496979551779
-0.37750021794846522
0.30779027211454457
-0.80816950625743633
-0.70155137803914103
-0.34369195433191552
-0.28973713478452634
0.2945178051189471
0.060516716279465067
0.124134343755935
0.35755000735407172
-0.67789573094651279
-0.29489469542884345
0.27906862007150163
-0.90481090199917535
-0.59552136478545059
0.2267501395100994
0.53876702859324765
-0.80916085633653723
0.27750757908341223
-0.57684362867143935
-0.023909434304117287
-0.44909504661150373
-0.35470551176468307
0.51334708313901467
0.29538980484654892
-0.68123371465958127
-0.67646838329910397
-0.88681735105343862
-0.21224085912643942
-0.74343775518653077
0.23385528228426231
0.099403316701543995
-0.84889919287864291
0.19916770431827815
-0.4176159299156908
0.5291219760939514
0.34915107289652708
0.19985442203630441
0.30918719970213171
0.62643696654515046
-0.39472608954540916
0.42801024486414169
-0.93595441959106318
-0.18715128286599558
-0.99810610610191508
-0.40047074460710386
0.067743520679478711
-0.94501021326667423
0.67746781125628774
-0.026796627677489245
0.34215351954079953
0.85518144324760259
-0.72415839317563968
0.30625761608402108
0.40745471738169381
0.042749148408293122
0.40798246760336104
0.16891756326505195
-0.64839577045910513
-0.89147242532004412
0.44456947810793068
-0.50677104421368535
-0.48435464457498545
0.2560328420245957
-1.0636230775336917
0.53581698521143029
0.32518487363835069
0.41442229875534231
-0.1896959081640163
0.083430312342224686
-0.26488351140718935
0.17835582908162731
-0.65727126217830367
-0.77937196825649968
0.72803875898395798
-0.52905417816228117
-0.56850098593414178
-0.77515969461821599
-0.19392271713559572
-0.23782117238279579
0.43939448871581899
0.34018848728883055
-0.73501813492568679
-1.0244944363100175
-1.3795297200394105
0.54944983841166328
-0.51279940849691419
-0.59531892255799579
-1.0440220974104351
0.47297585873812648
-0.54949462537288751
-0.21988028766386702
-0.19947783304648006
-0.26416826656645637
-0.727958488973239
0.1536988209244351
-0.94543583973234613
0.51387692579430233
0.062974895170135187
-0.77043168584808652
0.47171058133564464
-0.68283538484991013
-0.53868756374130233
-0.2913890709168343
-0.48761357355189378
0.41016511754350976
0.39333620765502036
0.37365915987803694
0.30841916418231974
-0.56282264600055643
0.2657889599236144
-0.26661510933804455
0.33775878153832861
0.2605655974360373
0.093905962819149147
-0.55487298600658241
-0.62507034384638582
-0.6963839038933739
0.53073206270267459
-0.48748410468591352
0.39359321710234613
-0.46550111987777698
0.14822251005491718
0.1707214235990302
0.10893240844085643
-0.27892455862133364
-0.3502832630786667
-0.73961786183316036
0.35714775687804368
0.33029207258565418
-0.79501715342797075
-0.89254502411505632
-0.76651647151016744
-0.43285876159498743
-0.60087990015049197
0.30025225486645413
0.42636862501017264
-0.78731783447871262
-0.63770111838957988
0.08115747987294343
-0.5742486776712874
-0.35167137623015993
-0.25877296321873228
-0.5576812555578835
0.21074082032142252
0.30079044781841685
0.36975371194385381
-0.57328277100065139
-0.55155143733958722
-0.25006118671079391
-0.43140659618792476
0.25717547116920131
-0.17229972946886768
0.19634322942739141
-0.56817961798238459
-0.42611328655450276
-0.0078887831033423953
-0.60340537636044467
0.34750200937766318
0.10725432974784883
-0.60137848933309124
-0.61611870574465266
0.086793587942368772
0.42011811812784772
0.14847348603593075
-0.6016844776501078
-0.31412975448670549
-0.76085555706679897
-0.31247074608353564
0.40840841266489436
-0.15798627557402997
0.48813902901562672
-0.19244100938960423
0.38078162593216641
0.21882376989166014
-0.53288427876962319
-0.94095954166510687
-0.89826286011881318
0.3411088576616535
-0.68014811355213545
0.16182855439777905
0.23872571917570518
-0.60176821405494341
0.24265019216160558
0.53663797660692281
-0.43169645233870835
0.35957969903161158
0.036831404169980743
0.83474823686424171
-0.86407703146064141
-0.1359267827145676
-0.91237131041911357
-1.0350042801499493
-0.35141998839575733
0.43803080706040753
-0.17575882080023716
0.25813960359970983
-0.14099748782167149
-0.77078586781647163
-0.40483541498741876
0.22199864539797917
-0.82050232576913784
0.15233526048029969
0.38694457448166047
0.018856990642914899
0.58510602694636349
0.25636342116734406
0.20649242455914704
-0.76607769318096475
0.21593235449130091
-0.56670260221830904
-1.1117694765853525
-0.70970984358967115
0.57770798031479287
-0.35898460221829476
0.19485530605594503
-0.66392574527926063
0.58962669777339805
-0.58425202789737685
0.24028934568375204
-0.50100819176331479
-0.76581697342657462
-1.0354979455646978
-0.58784684029006373
-0.13783681887897187
0.88989322454420705
-0.77992724870810315
-0.48971341408715824
0.40034592481411879
0.73662854612017226
0.25924108357128295
-0.77489579152264421
-1.3167672330931457
0.30115871095747093
0.50050429301864907
-0.42167899918422519
0.47380345351587461
-0.66700914707135706
0.043262648831851512
0.47303202895810192
0.034953452944590603
-0.27420650868947677
-0.57309278268901898
0.39820399819346408
-0.42023196751565361
0.20943376679873005
-0.62084680721763819
-0.20067501442184418
0.221272416078169
-0.70600576989363062
-0.18674993161243897
0.091781198402065625
-0.74349515343721817
0.3698046139489371
0.40827466009538921
-0.57293713200307306
-0.71484579185302755
-0.75588912297715161
-0.052086387175711721
-0.59585323558819525
-0.1926229592748406
-0.72227042802147534
-0.21002914038263806
-0.60091492412099567
-0.29966394247332273
0.31671196717530897
-0.47669486734427746
-0.56902250803411558
-0.34734085202452564
0.3114915181269543
-0.36092740928442907
-0.68025453598600072
0.021136938958867795
-0.5391830201098351
0.49736145198882281
-0.39891747342927186
0.21011784639610698
-0.69707986154501611
0.27909564816786769
0.21371576036481979
0.33863714172006154
-0.50917448358039663
0.32211048708470036
-0.23079254196197013
-0.47316713796770399
-0.27645876928449115
0.18724582288495989
-0.50141869715151199
0.21799977586557046
-0.19279501268701058
0.058508489730722785
-0.63375867450036572
0.030305411851926266
-0.59849154180123754
0.036180628421293104
-0.38728071860579349
-0.70175370009642846
-0.16238582883729222
0.15722754128050292
-0.26000903249851914
-0.095801389039836662
0.20133553409730001
-0.63448441386751309
0.12362866138238399
0.12961658637638418
0.13094070375479724
-0.69930431925124947
-0.53006859172183352
-0.099942659959585345
-0.56420223535701608
-0.03482082655773943
0.3336841492456965
-0.46917290468562323
-0.45054090372508737
0.24287807478892329
0.13216912205885553
-0.59027719028600378
0.092039388386957216
-0.15164912295104049
-0.34977361948113816
0.047936795866471711
0.24703319300627388
0.34893180626981801
-0.40476291663258362
0.21595159079764653
-0.35926850598218696
0.30434863607578788
-0.41806652252336918
0.30989299481460497
-0.37770005942810375
-0.90458098088916428
-0.47088110989152737
-0.8790197736571872
0.40065648183238117
0.018615339296384776
-0.17314346810729919
-0.80267979328758665
-0.57130650865024657
-0.42938194378479361
0.39503652706459991
0.48961069191814144
0.018955554191175356
0.34753630386111589
-0.39511287902686681
0.48015071692267841
-0.62934721678008487
0.28857651904478637
0.46195676058403945
-0.80626028737655298
-0.91126235587826787
-0.89737400786452348
-0.65096893496185915
-0.85705077971239629
-0.93817261139394836
-0.95644609239448686
-0.22355015323433189
0.14774995315900749
0.4199762644635287
0.01804251013449313
-0.75983918470587897
0.64213138142405957
-0.37624878806538703
0.55011797370507187
0.3754361943157124
-0.05641032386934406
0.26024431765279488
-0.50091297147244274
-0.45626841162819232
-0.10940700060443559
-0.061097243894348355
-0.65335663736477845
0.66965528363003335
-0.7586633840640401
-0.69690154310691821
0.58301038168120389
0.65305962239894544
-0.68627338300506302
-0.34850282089692214
0.14559293234316584
0.11510464839139616
-0.29731755634679269
-0.36245601818532541
-0.6007911528387494
-0.51930080929125622
-0.074035105525268444
-0.25646852824778971
0.19905732196624559
0.13792917360795651
0.32430624434089522
-0.37315163900029846
-0.60167562721412671
-0.40909597112847401
-0.65090045917034745
-0.55706747933781675
0.2588411291356722
0.38921885724378796
-0.62574937838939726
-0.46644809274586352
-0.46386734103771765
0.19761173936743853
-0.58444616726066945
0.24063123679636084
0.26982464886780316
0.36829127727814076
-0.4422950153645363
0.27152359620075389
-0.30443332164331371
-0.2831729009866743
-0.61192681287227502
-0.57920007383333894
-0.46304189918758765
0.16069634587212153
-0.29612862363241033
-0.41817166243030895
0.16464173405279384
0.39055027550036436
-0.065288726534842675
-0.56724672968773304
-0.50415199152672963
0.19512106080271438
-0.41233608593237531
-0.093385903200734685
0.3640747092713858
-0.40779784727754415
0.29372168201045107
biases
-0.13659476999242556
-0.12891020153665519
-0.15284903017220627
-0.13272168044439228
-0.10378119152401036
-0.15277070624104946
-0.16935507894430818
-0.17935508487919308
-0.12854831624350105
-0.16522989114796013
-0.17247489359180521
-0.23580321400006368
-0.17175265369702791
-0.18405926937177414
-0.14571551639475364
-0.13981377752554908
end_layer
end
